S.No,Subscription,ResourceGroup,VMName,GroupName,SQLType,DataBase,ServerType,VMSize,AVZone,Location,ImageRG,Image_Id,OSDiskType,OSDiskSize,DiskSize,DataDiskType,DataDiskIOPS,DataDiskThroughput,VNetRGName,VNetName,Subnet,IPConfigName,PrivateIP,Primary,PrivateIPAllocation,Create,AHUB,business_unit,creation_date,created_by,insurity_product,environment,owner,customer,Suite_Product,Project,Dedicated_Host,FluentD,APMdotNet,MachineAgent,CrowdStrike,LapsAgent,Java,Jenkins,AgentName,Labels,NumberOfExecutors,AgentDescription
1,CanadaDC-UAT,RG-CAC1DMBRG,CO1WBRGSH1AP01,INSCLD\AD_APPOPS_IDS_PMR,,No,App,Standard_F8s_v2,1,Canada Central,rg-uat-cdc-cac1-images,/subscriptions/6656c7b8-4f3d-49f0-85c6-9757ecf62926/resourceGroups/rg-uat-cdc-cac1-images/providers/Microsoft.Compute/galleries/Insurity/images/Windows_2019_ISOMAC_V2,StandardSSD_LRS,128,50,PremiumV2_LRS,3000,125,rg-uat-cdc-cac1-network,vnet-uat-web-app-db-cac1-10-101-32-0,snet-uat-cac-app-zone1-10-101-32-0,CO1WBRGSH1AP01-nic-ipconfig-01,NA,TRUE,Dynamic,TRUE,Windows_Server,insurity_product,[datetimestamp],motifworks,bridge,pre_prod,cloudops,shared1,,,NA,Yes,Yes,Yes,Yes,Yes,Yes,Yes,BRIDGE DEMO APPSERVER1,BRIDGEDEMOAPPSERVER1,3,BRIDGE DEMO APPSERVER1
2,CanadaDC-UAT,RG-CAC1DMBRG,CO1WBRGSH1WH01,INSCLD\AD_APPOPS_IDS_PMR,SQL_2019_Standard,No,DB,Standard_E4s_v5,1,Canada Central,rg-uat-cdc-cac1-images,/subscriptions/6656c7b8-4f3d-49f0-85c6-9757ecf62926/resourceGroups/rg-uat-cdc-cac1-images/providers/Microsoft.Compute/galleries/Insurity/images/Windows_2019_ISOMAC_V2,Premium_LRS,128,"200,50",PremiumV2_LRS,"3000,3000","750,125",rg-uat-cdc-cac1-network,vnet-uat-web-app-db-cac1-10-101-32-0,snet-uat-cac-db-zone1-10-101-40-0,CO1WBRGSH1WH01-nic-ipconfig-01,NA,TRUE,Dynamic,TRUE,Windows_Server,insurity_product,[datetimestamp],motifworks,bridge--cognos,pre_prod,cloudops,shared1,,,NA,No,No,Yes,Yes,Yes,No,No,,,,
3,CanadaDC-UAT,RG-CAC1DMBRG,CO1WBRGSH1CW01,INSCLD\AD_APPOPS_IDS_PMR,,No,Cognos,Standard_E4s_v5,1,Canada Central,rg-uat-cdc-cac1-images,/subscriptions/6656c7b8-4f3d-49f0-85c6-9757ecf62926/resourceGroups/rg-uat-cdc-cac1-images/providers/Microsoft.Compute/galleries/Insurity/images/Windows_2019_ISOMAC_V2,StandardSSD_LRS,128,50,PremiumV2_LRS,3000,125,rg-uat-cdc-cac1-network,vnet-uat-web-app-db-cac1-10-101-32-0,snet-uat-cac-app-zone1-10-101-32-0,CO1WBRGSH1CW01-nic-ipconfig-01,NA,TRUE,Dynamic,TRUE,Windows_Server,insurity_product,[datetimestamp],motifworks,bridge--cognos,pre_prod,cloudops,shared1,,,NA,Yes,No,Yes,Yes,Yes,Yes,Yes,BRIDGE DEMO COGNOS WEBSERVER1,BRIDGEDEMOCOGNOSWEBSERVER1,3,BRIDGE DEMO COGNOS WEBSERVER1
4,CanadaDC-UAT,RG-CAC1DMBRG,CO1WBRGSH1DB01,INSCLD\AD_APPOPS_IDS_PMR,SQL_2019_Standard,Yes,DB,Standard_E4s_v5,1,Canada Central,rg-uat-cdc-cac1-images,/subscriptions/6656c7b8-4f3d-49f0-85c6-9757ecf62926/resourceGroups/rg-uat-cdc-cac1-images/providers/Microsoft.Compute/galleries/Insurity/images/Windows_2019_ISOMAC_V2,Premium_LRS,128,"200,50",PremiumV2_LRS,"3000,3000","750,125",rg-uat-cdc-cac1-network,vnet-uat-web-app-db-cac1-10-101-32-0,snet-uat-cac-db-zone1-10-101-40-0,CO1WBRGSH1DB01-nic-ipconfig-01,10.101.40.45,TRUE,Static,TRUE,Windows_Server,insurity_product,[datetimestamp],motifworks,bridge,pre_prod,cloudops,shared1,,,NA,No,No,Yes,Yes,Yes,No,No,,,,
5,CanadaDC-UAT,RG-CAC1DMBRG,CO1WBRGSH1WB01,INSCLD\AD_APPOPS_IDS_PMR,,No,Web,Standard_F8s_v2,1,Canada Central,rg-uat-cdc-cac1-images,/subscriptions/6656c7b8-4f3d-49f0-85c6-9757ecf62926/resourceGroups/rg-uat-cdc-cac1-images/providers/Microsoft.Compute/galleries/Insurity/images/Windows_2019_ISOMAC_V2,StandardSSD_LRS,128,50,PremiumV2_LRS,3000,125,rg-uat-cdc-cac1-network,vnet-uat-web-app-db-cac1-10-101-32-0,snet-uat-cac-app-zone1-10-101-32-0,CO1WBRGSH1WB01-nic-ipconfig-01,NA,TRUE,Dynamic,TRUE,Windows_Server,insurity_product,[datetimestamp],motifworks,bridge,pre_prod,cloudops,shared1,,,NA,Yes,Yes,Yes,Yes,Yes,Yes,Yes,BRIDGE DEMO WEBSERVER1,BRIDGEDEMOWEBSERVER1,3,BRIDGE DEMO WEBSERVER1
6,CanadaDC-UAT,RG-CAC1TSBRG,CT1WBRGSH1AP01,INSCLD\AD_APPOPS_IDS_PMR,,No,App,Standard_F8s_v2,1,Canada Central,rg-uat-cdc-cac1-images,/subscriptions/6656c7b8-4f3d-49f0-85c6-9757ecf62926/resourceGroups/rg-uat-cdc-cac1-images/providers/Microsoft.Compute/galleries/Insurity/images/Windows_2019_ISOMAC_V2,StandardSSD_LRS,128,50,PremiumV2_LRS,3000,125,rg-uat-cdc-cac1-network,vnet-uat-web-app-db-cac1-10-101-32-0,snet-uat-cac-app-zone1-10-101-32-0,CT1WBRGSH1AP01-nic-ipconfig-01,NA,TRUE,Dynamic,TRUE,Windows_Server,insurity_product,[datetimestamp],motifworks,bridge,pre_prod,cloudops,shared1,,,NA,Yes,Yes,Yes,Yes,Yes,Yes,Yes,BRIDGE IMP APPSERVER1,BRIDGEIMPAPPSERVER1,3,BRIDGE IMP APPSERVER1
7,CanadaDC-UAT,RG-CAC1TSBRG,CT1WBRGSH1WH01,INSCLD\AD_APPOPS_IDS_PMR,SQL_2019_Standard,No,DB,Standard_E4s_v5,1,Canada Central,rg-uat-cdc-cac1-images,/subscriptions/6656c7b8-4f3d-49f0-85c6-9757ecf62926/resourceGroups/rg-uat-cdc-cac1-images/providers/Microsoft.Compute/galleries/Insurity/images/Windows_2019_ISOMAC_V2,Premium_LRS,128,"200,50",PremiumV2_LRS,"3000,3000","750,125",rg-uat-cdc-cac1-network,vnet-uat-web-app-db-cac1-10-101-32-0,snet-uat-cac-db-zone1-10-101-40-0,CT1WBRGSH1WH01-nic-ipconfig-01,NA,TRUE,Dynamic,TRUE,Windows_Server,insurity_product,[datetimestamp],motifworks,bridge--cognos,pre_prod,cloudops,shared1,,,NA,No,No,Yes,Yes,Yes,No,No,,,,
8,CanadaDC-UAT,RG-CAC1TSBRG,CT1WBRGSH1CW01,INSCLD\AD_APPOPS_IDS_PMR,,No,Cognos,Standard_E4s_v5,1,Canada Central,rg-uat-cdc-cac1-images,/subscriptions/6656c7b8-4f3d-49f0-85c6-9757ecf62926/resourceGroups/rg-uat-cdc-cac1-images/providers/Microsoft.Compute/galleries/Insurity/images/Windows_2019_ISOMAC_V2,StandardSSD_LRS,128,50,PremiumV2_LRS,3000,125,rg-uat-cdc-cac1-network,vnet-uat-web-app-db-cac1-10-101-32-0,snet-uat-cac-app-zone1-10-101-32-0,CT1WBRGSH1CW01-nic-ipconfig-01,NA,TRUE,Dynamic,TRUE,Windows_Server,insurity_product,[datetimestamp],motifworks,bridge--cognos,pre_prod,cloudops,shared1,,,NA,Yes,No,Yes,Yes,Yes,Yes,Yes,BRIDGE IMP COGNOS WEBSERVER1,BRIDGEIMPCOGNOSWEBSERVER1,3,BRIDGE IMP COGNOS WEBSERVER1
9,CanadaDC-UAT,RG-CAC1TSBRG,CT1WBRGSH1DB01,INSCLD\AD_APPOPS_IDS_PMR,SQL_2019_Standard,Yes,DB,Standard_E4s_v5,1,Canada Central,rg-uat-cdc-cac1-images,/subscriptions/6656c7b8-4f3d-49f0-85c6-9757ecf62926/resourceGroups/rg-uat-cdc-cac1-images/providers/Microsoft.Compute/galleries/Insurity/images/Windows_2019_ISOMAC_V2,Premium_LRS,128,"200,50",PremiumV2_LRS,"3000,3000","750,125",rg-uat-cdc-cac1-network,vnet-uat-web-app-db-cac1-10-101-32-0,snet-uat-cac-db-zone1-10-101-40-0,CT1WBRGSH1DB01-nic-ipconfig-01,10.101.40.47,TRUE,Static,TRUE,Windows_Server,insurity_product,[datetimestamp],motifworks,bridge,pre_prod,cloudops,shared1,,,NA,No,No,Yes,Yes,Yes,No,No,,,,
10,CanadaDC-UAT,RG-CAC1TSBRG,CT1WBRGSH1WB01,INSCLD\AD_APPOPS_IDS_PMR,,No,Web,Standard_F8s_v2,1,Canada Central,rg-uat-cdc-cac1-images,/subscriptions/6656c7b8-4f3d-49f0-85c6-9757ecf62926/resourceGroups/rg-uat-cdc-cac1-images/providers/Microsoft.Compute/galleries/Insurity/images/Windows_2019_ISOMAC_V2,StandardSSD_LRS,128,50,PremiumV2_LRS,3000,125,rg-uat-cdc-cac1-network,vnet-uat-web-app-db-cac1-10-101-32-0,snet-uat-cac-app-zone1-10-101-32-0,CT1WBRGSH1WB01-nic-ipconfig-01,NA,TRUE,Dynamic,TRUE,Windows_Server,insurity_product,[datetimestamp],motifworks,bridge,pre_prod,cloudops,shared1,,,NA,Yes,Yes,Yes,Yes,Yes,Yes,Yes,BRIDGE IMP WEBSERVER1,BRIDGEIMPWEBSERVER1,3,BRIDGE IMP WEBSERVER1
11,CanadaDC-UAT,RG-CAC1TSBRG,CT1WBRGSH2AP01,INSCLD\AD_APPOPS_IDS_PMR,,No,App,Standard_F8s_v2,1,Canada Central,rg-uat-cdc-cac1-images,/subscriptions/6656c7b8-4f3d-49f0-85c6-9757ecf62926/resourceGroups/rg-uat-cdc-cac1-images/providers/Microsoft.Compute/galleries/Insurity/images/Windows_2019_ISOMAC_V2,StandardSSD_LRS,128,50,PremiumV2_LRS,3000,125,rg-uat-cdc-cac1-network,vnet-uat-web-app-db-cac1-10-101-32-0,snet-uat-cac-app-zone1-10-101-32-0,CT1WBRGSH2AP01-nic-ipconfig-01,NA,TRUE,Dynamic,TRUE,Windows_Server,insurity_product,[datetimestamp],motifworks,bridge,pre_prod,cloudops,shared2,,,NA,Yes,Yes,Yes,Yes,Yes,Yes,Yes,BRIDGE IMP APPSERVER2,BRIDGEIMPAPPSERVER2,3,BRIDGE IMP APPSERVER2
12,CanadaDC-UAT,RG-CAC1TSBRG,CT1WBRGSH2WH01,INSCLD\AD_APPOPS_IDS_PMR,SQL_2019_Standard,No,DB,Standard_E4s_v5,1,Canada Central,rg-uat-cdc-cac1-images,/subscriptions/6656c7b8-4f3d-49f0-85c6-9757ecf62926/resourceGroups/rg-uat-cdc-cac1-images/providers/Microsoft.Compute/galleries/Insurity/images/Windows_2019_ISOMAC_V2,Premium_LRS,128,"200,50",PremiumV2_LRS,"3000,3000","750,125",rg-uat-cdc-cac1-network,vnet-uat-web-app-db-cac1-10-101-32-0,snet-uat-cac-db-zone1-10-101-40-0,CT1WBRGSH2WH01-nic-ipconfig-01,NA,TRUE,Dynamic,TRUE,Windows_Server,insurity_product,[datetimestamp],motifworks,bridge--cognos,pre_prod,cloudops,shared2,,,NA,No,No,Yes,Yes,Yes,No,No,,,,
13,CanadaDC-UAT,RG-CAC1TSBRG,CT1WBRGSH2CW01,INSCLD\AD_APPOPS_IDS_PMR,,No,Cognos,Standard_E4s_v5,1,Canada Central,rg-uat-cdc-cac1-images,/subscriptions/6656c7b8-4f3d-49f0-85c6-9757ecf62926/resourceGroups/rg-uat-cdc-cac1-images/providers/Microsoft.Compute/galleries/Insurity/images/Windows_2019_ISOMAC_V2,StandardSSD_LRS,128,50,PremiumV2_LRS,3000,125,rg-uat-cdc-cac1-network,vnet-uat-web-app-db-cac1-10-101-32-0,snet-uat-cac-app-zone1-10-101-32-0,CT1WBRGSH2CW01-nic-ipconfig-01,NA,TRUE,Dynamic,TRUE,Windows_Server,insurity_product,[datetimestamp],motifworks,bridge--cognos,pre_prod,cloudops,shared2,,,NA,Yes,No,Yes,Yes,Yes,Yes,Yes,BRIDGE IMP COGNOS WEBSERVER2,BRIDGEIMPCOGNOSWEBSERVER2,3,BRIDGE IMP COGNOS WEBSERVER2
14,CanadaDC-UAT,RG-CAC1TSBRG,CT1WBRGSH2DB01,INSCLD\AD_APPOPS_IDS_PMR,SQL_2019_Standard,Yes,DB,Standard_E4s_v5,1,Canada Central,rg-uat-cdc-cac1-images,/subscriptions/6656c7b8-4f3d-49f0-85c6-9757ecf62926/resourceGroups/rg-uat-cdc-cac1-images/providers/Microsoft.Compute/galleries/Insurity/images/Windows_2019_ISOMAC_V2,Premium_LRS,128,"200,50",PremiumV2_LRS,"3000,3000","750,125",rg-uat-cdc-cac1-network,vnet-uat-web-app-db-cac1-10-101-32-0,snet-uat-cac-db-zone1-10-101-40-0,CT1WBRGSH2DB01-nic-ipconfig-01,10.101.40.49,TRUE,Static,TRUE,Windows_Server,insurity_product,[datetimestamp],motifworks,bridge,pre_prod,cloudops,shared2,,,NA,No,No,Yes,Yes,Yes,No,No,,,,
15,CanadaDC-UAT,RG-CAC1TSBRG,CT1WBRGSH2WB01,INSCLD\AD_APPOPS_IDS_PMR,,No,Web,Standard_F8s_v2,1,Canada Central,rg-uat-cdc-cac1-images,/subscriptions/6656c7b8-4f3d-49f0-85c6-9757ecf62926/resourceGroups/rg-uat-cdc-cac1-images/providers/Microsoft.Compute/galleries/Insurity/images/Windows_2019_ISOMAC_V2,StandardSSD_LRS,128,50,PremiumV2_LRS,3000,125,rg-uat-cdc-cac1-network,vnet-uat-web-app-db-cac1-10-101-32-0,snet-uat-cac-app-zone1-10-101-32-0,CT1WBRGSH2WB01-nic-ipconfig-01,NA,TRUE,Dynamic,TRUE,Windows_Server,insurity_product,[datetimestamp],motifworks,bridge,pre_prod,cloudops,shared2,,,NA,Yes,Yes,Yes,Yes,Yes,Yes,Yes,BRIDGE IMP WEBSERVER2,BRIDGEIMPWEBSERVER2,3,BRIDGE IMP WEBSERVER2
16,CanadaDC-UAT,RG-CAC1TSBRG,CT1WBRGSH3AP01,INSCLD\AD_APPOPS_IDS_PMR,,No,App,Standard_F8s_v2,1,Canada Central,rg-uat-cdc-cac1-images,/subscriptions/6656c7b8-4f3d-49f0-85c6-9757ecf62926/resourceGroups/rg-uat-cdc-cac1-images/providers/Microsoft.Compute/galleries/Insurity/images/Windows_2019_ISOMAC_V2,StandardSSD_LRS,128,50,PremiumV2_LRS,3000,125,rg-uat-cdc-cac1-network,vnet-uat-web-app-db-cac1-10-101-32-0,snet-uat-cac-app-zone1-10-101-32-0,CT1WBRGSH3AP01-nic-ipconfig-01,NA,TRUE,Dynamic,TRUE,Windows_Server,insurity_product,[datetimestamp],motifworks,bridge,pre_prod,cloudops,shared3,,,NA,Yes,Yes,Yes,Yes,Yes,Yes,Yes,BRIDGE IMP APPSERVER3,BRIDGEIMPAPPSERVER3,3,BRIDGE IMP APPSERVER3
17,CanadaDC-UAT,RG-CAC1TSBRG,CT1WBRGSH3WH01,INSCLD\AD_APPOPS_IDS_PMR,SQL_2019_Standard,No,DB,Standard_E4s_v5,1,Canada Central,rg-uat-cdc-cac1-images,/subscriptions/6656c7b8-4f3d-49f0-85c6-9757ecf62926/resourceGroups/rg-uat-cdc-cac1-images/providers/Microsoft.Compute/galleries/Insurity/images/Windows_2019_ISOMAC_V2,Premium_LRS,128,"200,50",PremiumV2_LRS,"3000,3000","750,125",rg-uat-cdc-cac1-network,vnet-uat-web-app-db-cac1-10-101-32-0,snet-uat-cac-db-zone1-10-101-40-0,CT1WBRGSH3WH01-nic-ipconfig-01,NA,TRUE,Dynamic,TRUE,Windows_Server,insurity_product,[datetimestamp],motifworks,bridge--cognos,pre_prod,cloudops,shared3,,,NA,No,No,Yes,Yes,Yes,No,No,,,,
18,CanadaDC-UAT,RG-CAC1TSBRG,CT1WBRGSH3CW01,INSCLD\AD_APPOPS_IDS_PMR,,No,Cognos,Standard_E4s_v5,1,Canada Central,rg-uat-cdc-cac1-images,/subscriptions/6656c7b8-4f3d-49f0-85c6-9757ecf62926/resourceGroups/rg-uat-cdc-cac1-images/providers/Microsoft.Compute/galleries/Insurity/images/Windows_2019_ISOMAC_V2,StandardSSD_LRS,128,50,PremiumV2_LRS,3000,125,rg-uat-cdc-cac1-network,vnet-uat-web-app-db-cac1-10-101-32-0,snet-uat-cac-app-zone1-10-101-32-0,CT1WBRGSH3CW01-nic-ipconfig-01,NA,TRUE,Dynamic,TRUE,Windows_Server,insurity_product,[datetimestamp],motifworks,bridge--cognos,pre_prod,cloudops,shared3,,,NA,Yes,No,Yes,Yes,Yes,Yes,Yes,BRIDGE IMP COGNOS WEBSERVER3,BRIDGEIMPCOGNOSWEBSERVER3,3,BRIDGE IMP COGNOS WEBSERVER3
19,CanadaDC-UAT,RG-CAC1TSBRG,CT1WBRGSH3DB01,INSCLD\AD_APPOPS_IDS_PMR,SQL_2019_Standard,Yes,DB,Standard_E4s_v5,1,Canada Central,rg-uat-cdc-cac1-images,/subscriptions/6656c7b8-4f3d-49f0-85c6-9757ecf62926/resourceGroups/rg-uat-cdc-cac1-images/providers/Microsoft.Compute/galleries/Insurity/images/Windows_2019_ISOMAC_V2,Premium_LRS,128,"200,50",PremiumV2_LRS,"3000,3000","750,125",rg-uat-cdc-cac1-network,vnet-uat-web-app-db-cac1-10-101-32-0,snet-uat-cac-db-zone1-10-101-40-0,CT1WBRGSH3DB01-nic-ipconfig-01,10.101.40.51,TRUE,Static,TRUE,Windows_Server,insurity_product,[datetimestamp],motifworks,bridge,pre_prod,cloudops,shared3,,,NA,No,No,Yes,Yes,Yes,No,No,,,,
20,CanadaDC-UAT,RG-CAC1TSBRG,CT1WBRGSH3WB01,INSCLD\AD_APPOPS_IDS_PMR,,No,Web,Standard_F8s_v2,1,Canada Central,rg-uat-cdc-cac1-images,/subscriptions/6656c7b8-4f3d-49f0-85c6-9757ecf62926/resourceGroups/rg-uat-cdc-cac1-images/providers/Microsoft.Compute/galleries/Insurity/images/Windows_2019_ISOMAC_V2,StandardSSD_LRS,128,50,PremiumV2_LRS,3000,125,rg-uat-cdc-cac1-network,vnet-uat-web-app-db-cac1-10-101-32-0,snet-uat-cac-app-zone1-10-101-32-0,CT1WBRGSH3WB01-nic-ipconfig-01,NA,TRUE,Dynamic,TRUE,Windows_Server,insurity_product,[datetimestamp],motifworks,bridge,pre_prod,cloudops,shared3,,,NA,Yes,Yes,Yes,Yes,Yes,Yes,Yes,BRIDGE IMP WEBSERVER3,BRIDGEIMPWEBSERVER3,3,BRIDGE IMP WEBSERVER3
21,CanadaDC-UAT,RG-CAC1TSBRG,CT1WBRGSH4AP01,INSCLD\AD_APPOPS_IDS_PMR,,No,App,Standard_F8s_v2,1,Canada Central,rg-uat-cdc-cac1-images,/subscriptions/6656c7b8-4f3d-49f0-85c6-9757ecf62926/resourceGroups/rg-uat-cdc-cac1-images/providers/Microsoft.Compute/galleries/Insurity/images/Windows_2019_ISOMAC_V2,StandardSSD_LRS,128,50,PremiumV2_LRS,3000,125,rg-uat-cdc-cac1-network,vnet-uat-web-app-db-cac1-10-101-32-0,snet-uat-cac-app-zone1-10-101-32-0,CT1WBRGSH4AP01-nic-ipconfig-01,NA,TRUE,Dynamic,TRUE,Windows_Server,insurity_product,[datetimestamp],motifworks,bridge,pre_prod,cloudops,shared4,,,NA,Yes,Yes,Yes,Yes,Yes,Yes,Yes,BRIDGE IMP APPSERVER4,BRIDGEIMPAPPSERVER4,3,BRIDGE IMP APPSERVER4
22,CanadaDC-UAT,RG-CAC1TSBRG,CT1WBRGSH4WH01,INSCLD\AD_APPOPS_IDS_PMR,SQL_2019_Standard,No,DB,Standard_E4s_v5,1,Canada Central,rg-uat-cdc-cac1-images,/subscriptions/6656c7b8-4f3d-49f0-85c6-9757ecf62926/resourceGroups/rg-uat-cdc-cac1-images/providers/Microsoft.Compute/galleries/Insurity/images/Windows_2019_ISOMAC_V2,Premium_LRS,128,"200,50",PremiumV2_LRS,"3000,3000","750,125",rg-uat-cdc-cac1-network,vnet-uat-web-app-db-cac1-10-101-32-0,snet-uat-cac-db-zone1-10-101-40-0,CT1WBRGSH4WH01-nic-ipconfig-01,NA,TRUE,Dynamic,TRUE,Windows_Server,insurity_product,[datetimestamp],motifworks,bridge--cognos,pre_prod,cloudops,shared4,,,NA,No,No,Yes,Yes,Yes,No,No,,,,
23,CanadaDC-UAT,RG-CAC1TSBRG,CT1WBRGSH4CW01,INSCLD\AD_APPOPS_IDS_PMR,,No,Cognos,Standard_E4s_v5,1,Canada Central,rg-uat-cdc-cac1-images,/subscriptions/6656c7b8-4f3d-49f0-85c6-9757ecf62926/resourceGroups/rg-uat-cdc-cac1-images/providers/Microsoft.Compute/galleries/Insurity/images/Windows_2019_ISOMAC_V2,StandardSSD_LRS,128,50,PremiumV2_LRS,3000,125,rg-uat-cdc-cac1-network,vnet-uat-web-app-db-cac1-10-101-32-0,snet-uat-cac-app-zone1-10-101-32-0,CT1WBRGSH4CW01-nic-ipconfig-01,NA,TRUE,Dynamic,TRUE,Windows_Server,insurity_product,[datetimestamp],motifworks,bridge--cognos,pre_prod,cloudops,shared4,,,NA,Yes,No,Yes,Yes,Yes,Yes,Yes,BRIDGE IMP COGNOS WEBSERVER4,BRIDGEIMPCOGNOSWEBSERVER4,3,BRIDGE IMP COGNOS WEBSERVER4
24,CanadaDC-UAT,RG-CAC1TSBRG,CT1WBRGSH4DB01,INSCLD\AD_APPOPS_IDS_PMR,SQL_2019_Standard,Yes,DB,Standard_E4s_v5,1,Canada Central,rg-uat-cdc-cac1-images,/subscriptions/6656c7b8-4f3d-49f0-85c6-9757ecf62926/resourceGroups/rg-uat-cdc-cac1-images/providers/Microsoft.Compute/galleries/Insurity/images/Windows_2019_ISOMAC_V2,Premium_LRS,128,"200,50",PremiumV2_LRS,"3000,3000","750,125",rg-uat-cdc-cac1-network,vnet-uat-web-app-db-cac1-10-101-32-0,snet-uat-cac-db-zone1-10-101-40-0,CT1WBRGSH4DB01-nic-ipconfig-01,10.101.40.53,TRUE,Static,TRUE,Windows_Server,insurity_product,[datetimestamp],motifworks,bridge,pre_prod,cloudops,shared4,,,NA,No,No,Yes,Yes,Yes,No,No,,,,
25,CanadaDC-UAT,RG-CAC1TSBRG,CT1WBRGSH4WB01,INSCLD\AD_APPOPS_IDS_PMR,,No,Web,Standard_F8s_v2,1,Canada Central,rg-uat-cdc-cac1-images,/subscriptions/6656c7b8-4f3d-49f0-85c6-9757ecf62926/resourceGroups/rg-uat-cdc-cac1-images/providers/Microsoft.Compute/galleries/Insurity/images/Windows_2019_ISOMAC_V2,StandardSSD_LRS,128,50,PremiumV2_LRS,3000,125,rg-uat-cdc-cac1-network,vnet-uat-web-app-db-cac1-10-101-32-0,snet-uat-cac-app-zone1-10-101-32-0,CT1WBRGSH4WB01-nic-ipconfig-01,NA,TRUE,Dynamic,TRUE,Windows_Server,insurity_product,[datetimestamp],motifworks,bridge,pre_prod,cloudops,shared4,,,NA,Yes,Yes,Yes,Yes,Yes,Yes,Yes,BRIDGE IMP WEBSERVER4,BRIDGEIMPWEBSERVER4,3,BRIDGE IMP WEBSERVER4
26,CanadaDC-UAT,RG-CAC1TSBRG,CT1WBRGSH5AP01,INSCLD\AD_APPOPS_IDS_PMR,,No,App,Standard_F8s_v2,1,Canada Central,rg-uat-cdc-cac1-images,/subscriptions/6656c7b8-4f3d-49f0-85c6-9757ecf62926/resourceGroups/rg-uat-cdc-cac1-images/providers/Microsoft.Compute/galleries/Insurity/images/Windows_2019_ISOMAC_V2,StandardSSD_LRS,128,50,PremiumV2_LRS,3000,125,rg-uat-cdc-cac1-network,vnet-uat-web-app-db-cac1-10-101-32-0,snet-uat-cac-app-zone1-10-101-32-0,CT1WBRGSH5AP01-nic-ipconfig-01,NA,TRUE,Dynamic,TRUE,Windows_Server,insurity_product,[datetimestamp],motifworks,bridge,pre_prod,cloudops,shared5,,,NA,Yes,Yes,Yes,Yes,Yes,Yes,Yes,BRIDGE IMP APPSERVER5,BRIDGEIMPAPPSERVER5,3,BRIDGE IMP APPSERVER5
27,CanadaDC-UAT,RG-CAC1TSBRG,CT1WBRGSH5WH01,INSCLD\AD_APPOPS_IDS_PMR,SQL_2019_Standard,No,DB,Standard_E4s_v5,1,Canada Central,rg-uat-cdc-cac1-images,/subscriptions/6656c7b8-4f3d-49f0-85c6-9757ecf62926/resourceGroups/rg-uat-cdc-cac1-images/providers/Microsoft.Compute/galleries/Insurity/images/Windows_2019_ISOMAC_V2,Premium_LRS,128,"200,50",PremiumV2_LRS,"3000,3000","750,125",rg-uat-cdc-cac1-network,vnet-uat-web-app-db-cac1-10-101-32-0,snet-uat-cac-db-zone1-10-101-40-0,CT1WBRGSH5WH01-nic-ipconfig-01,NA,TRUE,Dynamic,TRUE,Windows_Server,insurity_product,[datetimestamp],motifworks,bridge--cognos,pre_prod,cloudops,shared5,,,NA,No,No,Yes,Yes,Yes,No,No,,,,
28,CanadaDC-UAT,RG-CAC1TSBRG,CT1WBRGSH5CW01,INSCLD\AD_APPOPS_IDS_PMR,,No,Cognos,Standard_E4s_v5,1,Canada Central,rg-uat-cdc-cac1-images,/subscriptions/6656c7b8-4f3d-49f0-85c6-9757ecf62926/resourceGroups/rg-uat-cdc-cac1-images/providers/Microsoft.Compute/galleries/Insurity/images/Windows_2019_ISOMAC_V2,StandardSSD_LRS,128,50,PremiumV2_LRS,3000,125,rg-uat-cdc-cac1-network,vnet-uat-web-app-db-cac1-10-101-32-0,snet-uat-cac-app-zone1-10-101-32-0,CT1WBRGSH5CW01-nic-ipconfig-01,NA,TRUE,Dynamic,TRUE,Windows_Server,insurity_product,[datetimestamp],motifworks,bridge--cognos,pre_prod,cloudops,shared5,,,NA,Yes,No,Yes,Yes,Yes,Yes,Yes,BRIDGE IMP COGNOS WEBSERVER5,BRIDGEIMPCOGNOSWEBSERVER5,3,BRIDGE IMP COGNOS WEBSERVER5
29,CanadaDC-UAT,RG-CAC1TSBRG,CT1WBRGSH5DB01,INSCLD\AD_APPOPS_IDS_PMR,SQL_2019_Standard,Yes,DB,Standard_E4s_v5,1,Canada Central,rg-uat-cdc-cac1-images,/subscriptions/6656c7b8-4f3d-49f0-85c6-9757ecf62926/resourceGroups/rg-uat-cdc-cac1-images/providers/Microsoft.Compute/galleries/Insurity/images/Windows_2019_ISOMAC_V2,Premium_LRS,128,"200,50",PremiumV2_LRS,"3000,3000","750,125",rg-uat-cdc-cac1-network,vnet-uat-web-app-db-cac1-10-101-32-0,snet-uat-cac-db-zone1-10-101-40-0,CT1WBRGSH5DB01-nic-ipconfig-01,10.101.40.55,TRUE,Static,TRUE,Windows_Server,insurity_product,[datetimestamp],motifworks,bridge,pre_prod,cloudops,shared5,,,NA,No,No,Yes,Yes,Yes,No,No,,,,
30,CanadaDC-UAT,RG-CAC1TSBRG,CT1WBRGSH5WB01,INSCLD\AD_APPOPS_IDS_PMR,,No,Web,Standard_F8s_v2,1,Canada Central,rg-uat-cdc-cac1-images,/subscriptions/6656c7b8-4f3d-49f0-85c6-9757ecf62926/resourceGroups/rg-uat-cdc-cac1-images/providers/Microsoft.Compute/galleries/Insurity/images/Windows_2019_ISOMAC_V2,StandardSSD_LRS,128,50,PremiumV2_LRS,3000,125,rg-uat-cdc-cac1-network,vnet-uat-web-app-db-cac1-10-101-32-0,snet-uat-cac-app-zone1-10-101-32-0,CT1WBRGSH5WB01-nic-ipconfig-01,NA,TRUE,Dynamic,TRUE,Windows_Server,insurity_product,[datetimestamp],motifworks,bridge,pre_prod,cloudops,shared5,,,NA,Yes,Yes,Yes,Yes,Yes,Yes,Yes,BRIDGE IMP WEBSERVER5,BRIDGEIMPWEBSERVER5,3,BRIDGE IMP WEBSERVER5
31,CanadaDC-UAT,RG-CAC1TSBRG,CT1WBRGSH6AP01,INSCLD\AD_APPOPS_IDS_PMR,,No,App,Standard_F8s_v2,1,Canada Central,rg-uat-cdc-cac1-images,/subscriptions/6656c7b8-4f3d-49f0-85c6-9757ecf62926/resourceGroups/rg-uat-cdc-cac1-images/providers/Microsoft.Compute/galleries/Insurity/images/Windows_2019_ISOMAC_V2,StandardSSD_LRS,128,50,PremiumV2_LRS,3000,125,rg-uat-cdc-cac1-network,vnet-uat-web-app-db-cac1-10-101-32-0,snet-uat-cac-app-zone1-10-101-32-0,CT1WBRGSH6AP01-nic-ipconfig-01,NA,TRUE,Dynamic,TRUE,Windows_Server,insurity_product,[datetimestamp],motifworks,bridge,pre_prod,cloudops,shared6,,,NA,Yes,Yes,Yes,Yes,Yes,Yes,Yes,BRIDGE IMP APPSERVER6,BRIDGEIMPAPPSERVER6,3,BRIDGE IMP APPSERVER6
32,CanadaDC-UAT,RG-CAC1TSBRG,CT1WBRGSH6WH01,INSCLD\AD_APPOPS_IDS_PMR,SQL_2019_Standard,No,DB,Standard_E4s_v5,1,Canada Central,rg-uat-cdc-cac1-images,/subscriptions/6656c7b8-4f3d-49f0-85c6-9757ecf62926/resourceGroups/rg-uat-cdc-cac1-images/providers/Microsoft.Compute/galleries/Insurity/images/Windows_2019_ISOMAC_V2,Premium_LRS,128,"200,50",PremiumV2_LRS,"3000,3000","750,125",rg-uat-cdc-cac1-network,vnet-uat-web-app-db-cac1-10-101-32-0,snet-uat-cac-db-zone1-10-101-40-0,CT1WBRGSH6WH01-nic-ipconfig-01,NA,TRUE,Dynamic,TRUE,Windows_Server,insurity_product,[datetimestamp],motifworks,bridge--cognos,pre_prod,cloudops,shared6,,,NA,No,No,Yes,Yes,Yes,No,No,,,,
33,CanadaDC-UAT,RG-CAC1TSBRG,CT1WBRGSH6CW01,INSCLD\AD_APPOPS_IDS_PMR,,No,Cognos,Standard_E4s_v5,1,Canada Central,rg-uat-cdc-cac1-images,/subscriptions/6656c7b8-4f3d-49f0-85c6-9757ecf62926/resourceGroups/rg-uat-cdc-cac1-images/providers/Microsoft.Compute/galleries/Insurity/images/Windows_2019_ISOMAC_V2,StandardSSD_LRS,128,50,PremiumV2_LRS,3000,125,rg-uat-cdc-cac1-network,vnet-uat-web-app-db-cac1-10-101-32-0,snet-uat-cac-app-zone1-10-101-32-0,CT1WBRGSH6CW01-nic-ipconfig-01,NA,TRUE,Dynamic,TRUE,Windows_Server,insurity_product,[datetimestamp],motifworks,bridge--cognos,pre_prod,cloudops,shared6,,,NA,Yes,No,Yes,Yes,Yes,Yes,Yes,BRIDGE IMP COGNOS WEBSERVER6,BRIDGEIMPCOGNOSWEBSERVER6,3,BRIDGE IMP COGNOS WEBSERVER6
34,CanadaDC-UAT,RG-CAC1TSBRG,CT1WBRGSH6DB01,INSCLD\AD_APPOPS_IDS_PMR,SQL_2019_Standard,Yes,DB,Standard_E4s_v5,1,Canada Central,rg-uat-cdc-cac1-images,/subscriptions/6656c7b8-4f3d-49f0-85c6-9757ecf62926/resourceGroups/rg-uat-cdc-cac1-images/providers/Microsoft.Compute/galleries/Insurity/images/Windows_2019_ISOMAC_V2,Premium_LRS,128,"200,50",PremiumV2_LRS,"3000,3000","750,125",rg-uat-cdc-cac1-network,vnet-uat-web-app-db-cac1-10-101-32-0,snet-uat-cac-db-zone1-10-101-40-0,"CT1WBRGSH6DB01-nic-ipconfig-01,CT1WBRGSH6DB01-nic-ipconfig-02","10.101.40.57,10.101.40.58","TRUE,FALSE","Static,Static",TRUE,Windows_Server,insurity_product,[datetimestamp],motifworks,bridge,pre_prod,cloudops,shared6,,,NA,No,No,Yes,Yes,Yes,No,No,,,,
35,CanadaDC-UAT,RG-CAC1TSBRG,CT1WBRGSH6WB01,INSCLD\AD_APPOPS_IDS_PMR,,No,Web,Standard_F8s_v2,1,Canada Central,rg-uat-cdc-cac1-images,/subscriptions/6656c7b8-4f3d-49f0-85c6-9757ecf62926/resourceGroups/rg-uat-cdc-cac1-images/providers/Microsoft.Compute/galleries/Insurity/images/Windows_2019_ISOMAC_V2,StandardSSD_LRS,128,50,PremiumV2_LRS,3000,125,rg-uat-cdc-cac1-network,vnet-uat-web-app-db-cac1-10-101-32-0,snet-uat-cac-app-zone1-10-101-32-0,CT1WBRGSH6WB01-nic-ipconfig-01,NA,TRUE,Dynamic,TRUE,Windows_Server,insurity_product,[datetimestamp],motifworks,bridge,pre_prod,cloudops,shared6,,,NA,Yes,Yes,Yes,Yes,Yes,Yes,Yes,BRIDGE IMP WEBSERVER6,BRIDGEIMPWEBSERVER6,3,BRIDGE IMP WEBSERVER6
36,CanadaDC-UAT,RG-CAC1TSBRG,CT1WBRGSH7AP01,INSCLD\AD_APPOPS_IDS_PMR,,No,App,Standard_F8s_v2,1,Canada Central,rg-uat-cdc-cac1-images,/subscriptions/6656c7b8-4f3d-49f0-85c6-9757ecf62926/resourceGroups/rg-uat-cdc-cac1-images/providers/Microsoft.Compute/galleries/Insurity/images/Windows_2019_ISOMAC_V2,StandardSSD_LRS,128,50,PremiumV2_LRS,3000,125,rg-uat-cdc-cac1-network,vnet-uat-web-app-db-cac1-10-101-32-0,snet-uat-cac-app-zone1-10-101-32-0,CT1WBRGSH7AP01-nic-ipconfig-01,NA,TRUE,Dynamic,TRUE,Windows_Server,insurity_product,[datetimestamp],motifworks,bridge,pre_prod,cloudops,shared7,,,NA,Yes,Yes,Yes,Yes,Yes,Yes,Yes,BRIDGE IMP APPSERVER7,BRIDGEIMPAPPSERVER7,3,BRIDGE IMP APPSERVER7
37,CanadaDC-UAT,RG-CAC1TSBRG,CT1WBRGSH7WH01,INSCLD\AD_APPOPS_IDS_PMR,SQL_2019_Standard,No,DB,Standard_E4s_v5,1,Canada Central,rg-uat-cdc-cac1-images,/subscriptions/6656c7b8-4f3d-49f0-85c6-9757ecf62926/resourceGroups/rg-uat-cdc-cac1-images/providers/Microsoft.Compute/galleries/Insurity/images/Windows_2019_ISOMAC_V2,Premium_LRS,128,"200,50",PremiumV2_LRS,"3000,3000","750,125",rg-uat-cdc-cac1-network,vnet-uat-web-app-db-cac1-10-101-32-0,snet-uat-cac-db-zone1-10-101-40-0,CT1WBRGSH7WH01-nic-ipconfig-01,NA,TRUE,Dynamic,TRUE,Windows_Server,insurity_product,[datetimestamp],motifworks,bridge--cognos,pre_prod,cloudops,shared7,,,NA,No,No,Yes,Yes,Yes,No,No,,,,
38,CanadaDC-UAT,RG-CAC1TSBRG,CT1WBRGSH7CW01,INSCLD\AD_APPOPS_IDS_PMR,,No,Cognos,Standard_E4s_v5,1,Canada Central,rg-uat-cdc-cac1-images,/subscriptions/6656c7b8-4f3d-49f0-85c6-9757ecf62926/resourceGroups/rg-uat-cdc-cac1-images/providers/Microsoft.Compute/galleries/Insurity/images/Windows_2019_ISOMAC_V2,StandardSSD_LRS,128,50,PremiumV2_LRS,3000,125,rg-uat-cdc-cac1-network,vnet-uat-web-app-db-cac1-10-101-32-0,snet-uat-cac-app-zone1-10-101-32-0,CT1WBRGSH7CW01-nic-ipconfig-01,NA,TRUE,Dynamic,TRUE,Windows_Server,insurity_product,[datetimestamp],motifworks,bridge--cognos,pre_prod,cloudops,shared7,,,NA,Yes,No,Yes,Yes,Yes,Yes,Yes,BRIDGE IMP COGNOS WEBSERVER7,BRIDGEIMPCOGNOSWEBSERVER7,3,BRIDGE IMP COGNOS WEBSERVER7
39,CanadaDC-UAT,RG-CAC1TSBRG,CT1WBRGSH7DB01,INSCLD\AD_APPOPS_IDS_PMR,SQL_2019_Standard,Yes,DB,Standard_E4s_v5,1,Canada Central,rg-uat-cdc-cac1-images,/subscriptions/6656c7b8-4f3d-49f0-85c6-9757ecf62926/resourceGroups/rg-uat-cdc-cac1-images/providers/Microsoft.Compute/galleries/Insurity/images/Windows_2019_ISOMAC_V2,Premium_LRS,128,"200,50",PremiumV2_LRS,"3000,3000","750,125",rg-uat-cdc-cac1-network,vnet-uat-web-app-db-cac1-10-101-32-0,snet-uat-cac-db-zone1-10-101-40-0,CT1WBRGSH7DB01-nic-ipconfig-01,10.101.40.59,TRUE,Static,TRUE,Windows_Server,insurity_product,[datetimestamp],motifworks,bridge,pre_prod,cloudops,shared7,,,NA,No,No,Yes,Yes,Yes,No,No,,,,
40,CanadaDC-UAT,RG-CAC1TSBRG,CT1WBRGSH7WB01,INSCLD\AD_APPOPS_IDS_PMR,,No,Web,Standard_F8s_v2,1,Canada Central,rg-uat-cdc-cac1-images,/subscriptions/6656c7b8-4f3d-49f0-85c6-9757ecf62926/resourceGroups/rg-uat-cdc-cac1-images/providers/Microsoft.Compute/galleries/Insurity/images/Windows_2019_ISOMAC_V2,StandardSSD_LRS,128,50,PremiumV2_LRS,3000,125,rg-uat-cdc-cac1-network,vnet-uat-web-app-db-cac1-10-101-32-0,snet-uat-cac-app-zone1-10-101-32-0,CT1WBRGSH7WB01-nic-ipconfig-01,NA,TRUE,Dynamic,TRUE,Windows_Server,insurity_product,[datetimestamp],motifworks,bridge,pre_prod,cloudops,shared7,,,NA,Yes,Yes,Yes,Yes,Yes,Yes,Yes,BRIDGE IMP WEBSERVER7,BRIDGEIMPWEBSERVER7,3,BRIDGE IMP WEBSERVER7
41,CanadaDC-UAT,RG-CAC1TSBRG,CT1WBRGSH8AP01,INSCLD\AD_APPOPS_IDS_PMR,,No,App,Standard_F8s_v2,1,Canada Central,rg-uat-cdc-cac1-images,/subscriptions/6656c7b8-4f3d-49f0-85c6-9757ecf62926/resourceGroups/rg-uat-cdc-cac1-images/providers/Microsoft.Compute/galleries/Insurity/images/Windows_2019_ISOMAC_V2,StandardSSD_LRS,128,50,PremiumV2_LRS,3000,125,rg-uat-cdc-cac1-network,vnet-uat-web-app-db-cac1-10-101-32-0,snet-uat-cac-app-zone1-10-101-32-0,CT1WBRGSH8AP01-nic-ipconfig-01,NA,TRUE,Dynamic,TRUE,Windows_Server,insurity_product,[datetimestamp],motifworks,bridge,pre_prod,cloudops,shared8,,,NA,Yes,Yes,Yes,Yes,Yes,Yes,Yes,BRIDGE IMP APPSERVER8,BRIDGEIMPAPPSERVER8,3,BRIDGE IMP APPSERVER8
42,CanadaDC-UAT,RG-CAC1TSBRG,CT1WBRGSH8WH01,INSCLD\AD_APPOPS_IDS_PMR,SQL_2019_Standard,No,DB,Standard_E4s_v5,1,Canada Central,rg-uat-cdc-cac1-images,/subscriptions/6656c7b8-4f3d-49f0-85c6-9757ecf62926/resourceGroups/rg-uat-cdc-cac1-images/providers/Microsoft.Compute/galleries/Insurity/images/Windows_2019_ISOMAC_V2,Premium_LRS,128,"200,50",PremiumV2_LRS,"3000,3000","750,125",rg-uat-cdc-cac1-network,vnet-uat-web-app-db-cac1-10-101-32-0,snet-uat-cac-db-zone1-10-101-40-0,CT1WBRGSH8WH01-nic-ipconfig-01,NA,TRUE,Dynamic,TRUE,Windows_Server,insurity_product,[datetimestamp],motifworks,bridge--cognos,pre_prod,cloudops,shared8,,,NA,No,No,Yes,Yes,Yes,No,No,,,,
43,CanadaDC-UAT,RG-CAC1TSBRG,CT1WBRGSH8CW01,INSCLD\AD_APPOPS_IDS_PMR,,No,Cognos,Standard_E4s_v5,1,Canada Central,rg-uat-cdc-cac1-images,/subscriptions/6656c7b8-4f3d-49f0-85c6-9757ecf62926/resourceGroups/rg-uat-cdc-cac1-images/providers/Microsoft.Compute/galleries/Insurity/images/Windows_2019_ISOMAC_V2,StandardSSD_LRS,128,50,PremiumV2_LRS,3000,125,rg-uat-cdc-cac1-network,vnet-uat-web-app-db-cac1-10-101-32-0,snet-uat-cac-app-zone1-10-101-32-0,CT1WBRGSH8CW01-nic-ipconfig-01,NA,TRUE,Dynamic,TRUE,Windows_Server,insurity_product,[datetimestamp],motifworks,bridge--cognos,pre_prod,cloudops,shared8,,,NA,Yes,No,Yes,Yes,Yes,Yes,Yes,BRIDGE IMP COGNOS WEBSERVER8,BRIDGEIMPCOGNOSWEBSERVER8,3,BRIDGE IMP COGNOS WEBSERVER8
44,CanadaDC-UAT,RG-CAC1TSBRG,CT1WBRGSH8DB01,INSCLD\AD_APPOPS_IDS_PMR,SQL_2019_Standard,Yes,DB,Standard_E4s_v5,1,Canada Central,rg-uat-cdc-cac1-images,/subscriptions/6656c7b8-4f3d-49f0-85c6-9757ecf62926/resourceGroups/rg-uat-cdc-cac1-images/providers/Microsoft.Compute/galleries/Insurity/images/Windows_2019_ISOMAC_V2,Premium_LRS,128,"200,50",PremiumV2_LRS,"3000,3000","750,125",rg-uat-cdc-cac1-network,vnet-uat-web-app-db-cac1-10-101-32-0,snet-uat-cac-db-zone1-10-101-40-0,CT1WBRGSH8DB01-nic-ipconfig-01,10.101.40.61,TRUE,Static,TRUE,Windows_Server,insurity_product,[datetimestamp],motifworks,bridge,pre_prod,cloudops,shared8,,,NA,No,No,Yes,Yes,Yes,No,No,,,,
45,CanadaDC-UAT,RG-CAC1TSBRG,CT1WBRGSH8WB01,INSCLD\AD_APPOPS_IDS_PMR,,No,Web,Standard_F8s_v2,1,Canada Central,rg-uat-cdc-cac1-images,/subscriptions/6656c7b8-4f3d-49f0-85c6-9757ecf62926/resourceGroups/rg-uat-cdc-cac1-images/providers/Microsoft.Compute/galleries/Insurity/images/Windows_2019_ISOMAC_V2,StandardSSD_LRS,128,50,PremiumV2_LRS,3000,125,rg-uat-cdc-cac1-network,vnet-uat-web-app-db-cac1-10-101-32-0,snet-uat-cac-app-zone1-10-101-32-0,CT1WBRGSH8WB01-nic-ipconfig-01,NA,TRUE,Dynamic,TRUE,Windows_Server,insurity_product,[datetimestamp],motifworks,bridge,pre_prod,cloudops,shared8,,,NA,Yes,Yes,Yes,Yes,Yes,Yes,Yes,BRIDGE IMP WEBSERVER8,BRIDGEIMPWEBSERVER8,3,BRIDGE IMP WEBSERVER8
46,CanadaDC-UAT,RG-CAC1TSBRG,CT1WBRGSH9AP01,INSCLD\AD_APPOPS_IDS_PMR,,No,App,Standard_F8s_v2,1,Canada Central,rg-uat-cdc-cac1-images,/subscriptions/6656c7b8-4f3d-49f0-85c6-9757ecf62926/resourceGroups/rg-uat-cdc-cac1-images/providers/Microsoft.Compute/galleries/Insurity/images/Windows_2019_ISOMAC_V2,StandardSSD_LRS,128,50,PremiumV2_LRS,3000,125,rg-uat-cdc-cac1-network,vnet-uat-web-app-db-cac1-10-101-32-0,snet-uat-cac-app-zone1-10-101-32-0,CT1WBRGSH9AP01-nic-ipconfig-01,NA,TRUE,Dynamic,TRUE,Windows_Server,insurity_product,[datetimestamp],motifworks,bridge,pre_prod,cloudops,shared9,,,NA,Yes,Yes,Yes,Yes,Yes,Yes,Yes,BRIDGE IMP APPSERVER9,BRIDGEIMPAPPSERVER9,3,BRIDGE IMP APPSERVER9
47,CanadaDC-UAT,RG-CAC1TSBRG,CT1WBRGSH9WH01,INSCLD\AD_APPOPS_IDS_PMR,SQL_2019_Standard,No,DB,Standard_E4s_v5,1,Canada Central,rg-uat-cdc-cac1-images,/subscriptions/6656c7b8-4f3d-49f0-85c6-9757ecf62926/resourceGroups/rg-uat-cdc-cac1-images/providers/Microsoft.Compute/galleries/Insurity/images/Windows_2019_ISOMAC_V2,Premium_LRS,128,"200,50",PremiumV2_LRS,"3000,3000","750,125",rg-uat-cdc-cac1-network,vnet-uat-web-app-db-cac1-10-101-32-0,snet-uat-cac-db-zone1-10-101-40-0,CT1WBRGSH9WH01-nic-ipconfig-01,NA,TRUE,Dynamic,TRUE,Windows_Server,insurity_product,[datetimestamp],motifworks,bridge--cognos,pre_prod,cloudops,shared9,,,NA,No,No,Yes,Yes,Yes,No,No,,,,
48,CanadaDC-UAT,RG-CAC1TSBRG,CT1WBRGSH9CW01,INSCLD\AD_APPOPS_IDS_PMR,,No,Cognos,Standard_E4s_v5,1,Canada Central,rg-uat-cdc-cac1-images,/subscriptions/6656c7b8-4f3d-49f0-85c6-9757ecf62926/resourceGroups/rg-uat-cdc-cac1-images/providers/Microsoft.Compute/galleries/Insurity/images/Windows_2019_ISOMAC_V2,StandardSSD_LRS,128,50,PremiumV2_LRS,3000,125,rg-uat-cdc-cac1-network,vnet-uat-web-app-db-cac1-10-101-32-0,snet-uat-cac-app-zone1-10-101-32-0,CT1WBRGSH9CW01-nic-ipconfig-01,NA,TRUE,Dynamic,TRUE,Windows_Server,insurity_product,[datetimestamp],motifworks,bridge--cognos,pre_prod,cloudops,shared9,,,NA,Yes,No,Yes,Yes,Yes,Yes,Yes,BRIDGE IMP COGNOS WEBSERVER9,BRIDGEIMPCOGNOSWEBSERVER9,3,BRIDGE IMP COGNOS WEBSERVER9
49,CanadaDC-UAT,RG-CAC1TSBRG,CT1WBRGSH9DB01,INSCLD\AD_APPOPS_IDS_PMR,SQL_2019_Standard,Yes,DB,Standard_E4s_v5,1,Canada Central,rg-uat-cdc-cac1-images,/subscriptions/6656c7b8-4f3d-49f0-85c6-9757ecf62926/resourceGroups/rg-uat-cdc-cac1-images/providers/Microsoft.Compute/galleries/Insurity/images/Windows_2019_ISOMAC_V2,Premium_LRS,128,"200,50",PremiumV2_LRS,"3000,3000","750,125",rg-uat-cdc-cac1-network,vnet-uat-web-app-db-cac1-10-101-32-0,snet-uat-cac-db-zone1-10-101-40-0,CT1WBRGSH9DB01-nic-ipconfig-01,10.101.40.63,TRUE,Static,TRUE,Windows_Server,insurity_product,[datetimestamp],motifworks,bridge,pre_prod,cloudops,shared9,,,NA,No,No,Yes,Yes,Yes,No,No,,,,
50,CanadaDC-UAT,RG-CAC1TSBRG,CT1WBRGSH9WB01,INSCLD\AD_APPOPS_IDS_PMR,,No,Web,Standard_F8s_v2,1,Canada Central,rg-uat-cdc-cac1-images,/subscriptions/6656c7b8-4f3d-49f0-85c6-9757ecf62926/resourceGroups/rg-uat-cdc-cac1-images/providers/Microsoft.Compute/galleries/Insurity/images/Windows_2019_ISOMAC_V2,StandardSSD_LRS,128,50,PremiumV2_LRS,3000,125,rg-uat-cdc-cac1-network,vnet-uat-web-app-db-cac1-10-101-32-0,snet-uat-cac-app-zone1-10-101-32-0,CT1WBRGSH9WB01-nic-ipconfig-01,NA,TRUE,Dynamic,TRUE,Windows_Server,insurity_product,[datetimestamp],motifworks,bridge,pre_prod,cloudops,shared9,,,NA,Yes,Yes,Yes,Yes,Yes,Yes,Yes,BRIDGE IMP WEBSERVER9,BRIDGEIMPWEBSERVER9,3,BRIDGE IMP WEBSERVER9
51,CanadaDC-UAT,RG-CAC1PFBRG,CF1WBRGSH1AP01,INSCLD\AD_APPOPS_IDS_PMR,,No,App,Standard_F8s_v2,1,Canada Central,rg-uat-cdc-cac1-images,/subscriptions/6656c7b8-4f3d-49f0-85c6-9757ecf62926/resourceGroups/rg-uat-cdc-cac1-images/providers/Microsoft.Compute/galleries/Insurity/images/Windows_2019_ISOMAC_V2,StandardSSD_LRS,128,50,PremiumV2_LRS,3000,125,rg-uat-cdc-cac1-network,vnet-uat-web-app-db-cac1-10-101-32-0,snet-uat-cac-app-zone1-10-101-32-0,CF1WBRGSH1AP01-nic-ipconfig-01,NA,TRUE,Dynamic,TRUE,Windows_Server,insurity_product,[datetimestamp],motifworks,bridge,pre_prod,cloudops,shared1,,,NA,Yes,Yes,Yes,Yes,Yes,Yes,Yes,BRIDGE PERFORMANCE APPSERVER1,BRIDGEPERFORMANCEAPPSERVER1,3,BRIDGE PERFORMANCE APPSERVER1
52,CanadaDC-UAT,RG-CAC1PFBRG,CF1WBRGSH1DB01,INSCLD\AD_APPOPS_IDS_PMR,SQL_2019_Standard,Yes,DB,Standard_E4s_v5,1,Canada Central,rg-uat-cdc-cac1-images,/subscriptions/6656c7b8-4f3d-49f0-85c6-9757ecf62926/resourceGroups/rg-uat-cdc-cac1-images/providers/Microsoft.Compute/galleries/Insurity/images/Windows_2019_ISOMAC_V2,Premium_LRS,128,"200,50",PremiumV2_LRS,"3000,3000","750,125",rg-uat-cdc-cac1-network,vnet-uat-web-app-db-cac1-10-101-32-0,snet-uat-cac-db-zone1-10-101-40-0,CF1WBRGSH1DB01-nic-ipconfig-01,10.101.40.65,TRUE,Static,TRUE,Windows_Server,insurity_product,[datetimestamp],motifworks,bridge,pre_prod,cloudops,shared1,,,NA,No,No,Yes,Yes,Yes,No,No,,,,
53,CanadaDC-UAT,RG-CAC1PFBRG,CF1WBRGSH1WB01,INSCLD\AD_APPOPS_IDS_PMR,,No,Web,Standard_F8s_v2,1,Canada Central,rg-uat-cdc-cac1-images,/subscriptions/6656c7b8-4f3d-49f0-85c6-9757ecf62926/resourceGroups/rg-uat-cdc-cac1-images/providers/Microsoft.Compute/galleries/Insurity/images/Windows_2019_ISOMAC_V2,StandardSSD_LRS,128,50,PremiumV2_LRS,3000,125,rg-uat-cdc-cac1-network,vnet-uat-web-app-db-cac1-10-101-32-0,snet-uat-cac-app-zone1-10-101-32-0,CF1WBRGSH1WB01-nic-ipconfig-01,NA,TRUE,Dynamic,TRUE,Windows_Server,insurity_product,[datetimestamp],motifworks,bridge,pre_prod,cloudops,shared1,,,NA,Yes,Yes,Yes,Yes,Yes,Yes,Yes,BRIDGE PERFORMANCE WEBSERVER1,BRIDGEPERFORMANCEWEBSERVER1,3,BRIDGE PERFORMANCE WEBSERVER1
54,CanadaDC-UAT,RG-CAC1UABRG,CU1WBRGSH1AP01,INSCLD\AD_APPOPS_IDS_PMR,,No,App,Standard_F8s_v2,1,Canada Central,rg-uat-cdc-cac1-images,/subscriptions/6656c7b8-4f3d-49f0-85c6-9757ecf62926/resourceGroups/rg-uat-cdc-cac1-images/providers/Microsoft.Compute/galleries/Insurity/images/Windows_2019_ISOMAC_V2,StandardSSD_LRS,128,50,PremiumV2_LRS,3000,125,rg-uat-cdc-cac1-network,vnet-uat-web-app-db-cac1-10-101-32-0,snet-uat-cac-app-zone1-10-101-32-0,CU1WBRGSH1AP01-nic-ipconfig-01,NA,TRUE,Dynamic,TRUE,Windows_Server,insurity_product,[datetimestamp],motifworks,bridge,pre_prod,cloudops,shared1,,,NA,Yes,Yes,Yes,Yes,Yes,Yes,Yes,BRIDGE UAT APPSERVER1,BRIDGEUATAPPSERVER1,3,BRIDGE UAT APPSERVER1
55,CanadaDC-UAT,RG-CAC1UABRG,CU1WBRGSH1WH01,INSCLD\AD_APPOPS_IDS_PMR,SQL_2019_Enterprise,No,DB,Standard_E4s_v5,1,Canada Central,rg-uat-cdc-cac1-images,/subscriptions/6656c7b8-4f3d-49f0-85c6-9757ecf62926/resourceGroups/rg-uat-cdc-cac1-images/providers/Microsoft.Compute/galleries/Insurity/images/Windows_2019_ISOMAC_V2,Premium_LRS,128,"200,50",PremiumV2_LRS,"3000,3000","750,125",rg-uat-cdc-cac1-network,vnet-uat-web-app-db-cac1-10-101-32-0,snet-uat-cac-db-zone1-10-101-40-0,CU1WBRGSH1WH01-nic-ipconfig-01,NA,TRUE,Dynamic,TRUE,Windows_Server,insurity_product,[datetimestamp],motifworks,bridge--cognos,pre_prod,cloudops,shared1,,,NA,No,No,Yes,Yes,Yes,No,No,,,,
56,CanadaDC-UAT,RG-CAC1UABRG,CU1WBRGSH1WH02,INSCLD\AD_APPOPS_IDS_PMR,SQL_2019_Enterprise,No,DB,Standard_E4s_v5,2,Canada Central,rg-uat-cdc-cac1-images,/subscriptions/6656c7b8-4f3d-49f0-85c6-9757ecf62926/resourceGroups/rg-uat-cdc-cac1-images/providers/Microsoft.Compute/galleries/Insurity/images/Windows_2019_ISOMAC_V2,Premium_LRS,128,"200,50",PremiumV2_LRS,"3000,3000","750,125",rg-uat-cdc-cac1-network,vnet-uat-web-app-db-cac1-10-101-32-0,snet-uat-cac-db-zone2-10-101-42-0,CU1WBRGSH1WH02-nic-ipconfig-01,NA,TRUE,Dynamic,TRUE,Windows_Server,insurity_product,[datetimestamp],motifworks,bridge--cognos,pre_prod,cloudops,shared1,,,NA,No,No,Yes,Yes,Yes,No,No,,,,
57,CanadaDC-UAT,RG-CAC1UABRG,CU1WBRGSH1CW01,INSCLD\AD_APPOPS_IDS_PMR,,No,Cognos,Standard_E4s_v5,1,Canada Central,rg-uat-cdc-cac1-images,/subscriptions/6656c7b8-4f3d-49f0-85c6-9757ecf62926/resourceGroups/rg-uat-cdc-cac1-images/providers/Microsoft.Compute/galleries/Insurity/images/Windows_2019_ISOMAC_V2,StandardSSD_LRS,128,50,PremiumV2_LRS,3000,125,rg-uat-cdc-cac1-network,vnet-uat-web-app-db-cac1-10-101-32-0,snet-uat-cac-app-zone1-10-101-32-0,CU1WBRGSH1CW01-nic-ipconfig-01,NA,TRUE,Dynamic,TRUE,Windows_Server,insurity_product,[datetimestamp],motifworks,bridge--cognos,pre_prod,cloudops,shared1,,,NA,Yes,No,Yes,Yes,Yes,Yes,Yes,BRIDGE UAT COGNOS WEBSERVER1,BRIDGEUATCOGNOSWEBSERVER1,3,BRIDGE UAT COGNOS WEBSERVER1
58,CanadaDC-UAT,RG-CAC1UABRG,CU1WBRGSH1DB01,INSCLD\AD_APPOPS_IDS_PMR,SQL_2019_Enterprise,Yes,DB,Standard_E4s_v5,1,Canada Central,rg-uat-cdc-cac1-images,/subscriptions/6656c7b8-4f3d-49f0-85c6-9757ecf62926/resourceGroups/rg-uat-cdc-cac1-images/providers/Microsoft.Compute/galleries/Insurity/images/Windows_2019_ISOMAC_V2,Premium_LRS,128,"200,50",PremiumV2_LRS,"3000,3000","750,125",rg-uat-cdc-cac1-network,vnet-uat-web-app-db-cac1-10-101-32-0,snet-uat-cac-db-zone1-10-101-40-0,"CU1WBRGSH1DB01-nic-ipconfig-01,CU1WBRGSH1DB01-nic-ipconfig-02","10.101.40.67,10.101.40.68","TRUE,FALSE","Static,Static",TRUE,Windows_Server,insurity_product,[datetimestamp],motifworks,bridge,pre_prod,cloudops,shared1,,,NA,No,No,Yes,Yes,Yes,No,No,,,,
59,CanadaDC-UAT,RG-CAC1UABRG,CU1WBRGSH1DB02,INSCLD\AD_APPOPS_IDS_PMR,SQL_2019_Enterprise,Yes,DB,Standard_E4s_v5,2,Canada Central,rg-uat-cdc-cac1-images,/subscriptions/6656c7b8-4f3d-49f0-85c6-9757ecf62926/resourceGroups/rg-uat-cdc-cac1-images/providers/Microsoft.Compute/galleries/Insurity/images/Windows_2019_ISOMAC_V2,Premium_LRS,128,"200,50",PremiumV2_LRS,"3000,3000","750,125",rg-uat-cdc-cac1-network,vnet-uat-web-app-db-cac1-10-101-32-0,snet-uat-cac-db-zone2-10-101-42-0,"CU1WBRGSH1DB02-nic-ipconfig-01,CU1WBRGSH1DB02-nic-ipconfig-02","10.101.42.27,10.101.42.28","TRUE,FALSE","Static,Static",TRUE,Windows_Server,insurity_product,[datetimestamp],motifworks,bridge,pre_prod,cloudops,shared1,,,NA,No,No,Yes,Yes,Yes,No,No,,,,
60,CanadaDC-UAT,RG-CAC1UABRG,CU1WBRGSH1WB01,INSCLD\AD_APPOPS_IDS_PMR,,No,Web,Standard_F8s_v2,1,Canada Central,rg-uat-cdc-cac1-images,/subscriptions/6656c7b8-4f3d-49f0-85c6-9757ecf62926/resourceGroups/rg-uat-cdc-cac1-images/providers/Microsoft.Compute/galleries/Insurity/images/Windows_2019_ISOMAC_V2,StandardSSD_LRS,128,50,PremiumV2_LRS,3000,125,rg-uat-cdc-cac1-network,vnet-uat-web-app-db-cac1-10-101-32-0,snet-uat-cac-app-zone1-10-101-32-0,CU1WBRGSH1WB01-nic-ipconfig-01,NA,TRUE,Dynamic,TRUE,Windows_Server,insurity_product,[datetimestamp],motifworks,bridge,pre_prod,cloudops,shared1,,,NA,Yes,Yes,Yes,Yes,Yes,Yes,Yes,BRIDGE UAT WEBSERVER1,BRIDGEUATWEBSERVER1,3,BRIDGE UAT WEBSERVER1
61,CanadaDC-UAT,RG-CAC1UABRG,CU1WBRGSH2AP01,INSCLD\AD_APPOPS_IDS_PMR,,No,App,Standard_F8s_v2,1,Canada Central,rg-uat-cdc-cac1-images,/subscriptions/6656c7b8-4f3d-49f0-85c6-9757ecf62926/resourceGroups/rg-uat-cdc-cac1-images/providers/Microsoft.Compute/galleries/Insurity/images/Windows_2019_ISOMAC_V2,StandardSSD_LRS,128,50,PremiumV2_LRS,3000,125,rg-uat-cdc-cac1-network,vnet-uat-web-app-db-cac1-10-101-32-0,snet-uat-cac-app-zone1-10-101-32-0,CU1WBRGSH2AP01-nic-ipconfig-01,NA,TRUE,Dynamic,TRUE,Windows_Server,insurity_product,[datetimestamp],motifworks,bridge,pre_prod,cloudops,shared2,,,NA,Yes,Yes,Yes,Yes,Yes,Yes,Yes,BRIDGE UAT APPSERVER2,BRIDGEUATAPPSERVER2,3,BRIDGE UAT APPSERVER2
62,CanadaDC-UAT,RG-CAC1UABRG,CU1WBRGSH2WH01,INSCLD\AD_APPOPS_IDS_PMR,SQL_2019_Enterprise,No,DB,Standard_E4s_v5,1,Canada Central,rg-uat-cdc-cac1-images,/subscriptions/6656c7b8-4f3d-49f0-85c6-9757ecf62926/resourceGroups/rg-uat-cdc-cac1-images/providers/Microsoft.Compute/galleries/Insurity/images/Windows_2019_ISOMAC_V2,Premium_LRS,128,"200,50",PremiumV2_LRS,"3000,3000","750,125",rg-uat-cdc-cac1-network,vnet-uat-web-app-db-cac1-10-101-32-0,snet-uat-cac-db-zone1-10-101-40-0,CU1WBRGSH2WH01-nic-ipconfig-01,NA,TRUE,Dynamic,TRUE,Windows_Server,insurity_product,[datetimestamp],motifworks,bridge--cognos,pre_prod,cloudops,shared2,,,NA,No,No,Yes,Yes,Yes,No,No,,,,
63,CanadaDC-UAT,RG-CAC1UABRG,CU1WBRGSH2WH02,INSCLD\AD_APPOPS_IDS_PMR,SQL_2019_Enterprise,No,DB,Standard_E4s_v5,2,Canada Central,rg-uat-cdc-cac1-images,/subscriptions/6656c7b8-4f3d-49f0-85c6-9757ecf62926/resourceGroups/rg-uat-cdc-cac1-images/providers/Microsoft.Compute/galleries/Insurity/images/Windows_2019_ISOMAC_V2,Premium_LRS,128,"200,50",PremiumV2_LRS,"3000,3000","750,125",rg-uat-cdc-cac1-network,vnet-uat-web-app-db-cac1-10-101-32-0,snet-uat-cac-db-zone2-10-101-42-0,CU1WBRGSH2WH02-nic-ipconfig-01,NA,TRUE,Dynamic,TRUE,Windows_Server,insurity_product,[datetimestamp],motifworks,bridge--cognos,pre_prod,cloudops,shared2,,,NA,No,No,Yes,Yes,Yes,No,No,,,,
64,CanadaDC-UAT,RG-CAC1UABRG,CU1WBRGSH2CW01,INSCLD\AD_APPOPS_IDS_PMR,,No,Cognos,Standard_E4s_v5,1,Canada Central,rg-uat-cdc-cac1-images,/subscriptions/6656c7b8-4f3d-49f0-85c6-9757ecf62926/resourceGroups/rg-uat-cdc-cac1-images/providers/Microsoft.Compute/galleries/Insurity/images/Windows_2019_ISOMAC_V2,StandardSSD_LRS,128,50,PremiumV2_LRS,3000,125,rg-uat-cdc-cac1-network,vnet-uat-web-app-db-cac1-10-101-32-0,snet-uat-cac-app-zone1-10-101-32-0,CU1WBRGSH2CW01-nic-ipconfig-01,NA,TRUE,Dynamic,TRUE,Windows_Server,insurity_product,[datetimestamp],motifworks,bridge--cognos,pre_prod,cloudops,shared2,,,NA,Yes,No,Yes,Yes,Yes,Yes,Yes,BRIDGE UAT COGNOS WEBSERVER2,BRIDGEUATCOGNOSWEBSERVER2,3,BRIDGE UAT COGNOS WEBSERVER2
65,CanadaDC-UAT,RG-CAC1UABRG,CU1WBRGSH2DB01,INSCLD\AD_APPOPS_IDS_PMR,SQL_2019_Enterprise,Yes,DB,Standard_E4s_v5,1,Canada Central,rg-uat-cdc-cac1-images,/subscriptions/6656c7b8-4f3d-49f0-85c6-9757ecf62926/resourceGroups/rg-uat-cdc-cac1-images/providers/Microsoft.Compute/galleries/Insurity/images/Windows_2019_ISOMAC_V2,Premium_LRS,128,"200,50",PremiumV2_LRS,"3000,3000","750,125",rg-uat-cdc-cac1-network,vnet-uat-web-app-db-cac1-10-101-32-0,snet-uat-cac-db-zone1-10-101-40-0,"CU1WBRGSH2DB01-nic-ipconfig-01,CU1WBRGSH2DB01-nic-ipconfig-02","10.101.40.69,10.101.40.70","TRUE,FALSE","Static,Static",TRUE,Windows_Server,insurity_product,[datetimestamp],motifworks,bridge,pre_prod,cloudops,shared2,,,NA,No,No,Yes,Yes,Yes,No,No,,,,
66,CanadaDC-UAT,RG-CAC1UABRG,CU1WBRGSH2DB02,INSCLD\AD_APPOPS_IDS_PMR,SQL_2019_Enterprise,Yes,DB,Standard_E4s_v5,2,Canada Central,rg-uat-cdc-cac1-images,/subscriptions/6656c7b8-4f3d-49f0-85c6-9757ecf62926/resourceGroups/rg-uat-cdc-cac1-images/providers/Microsoft.Compute/galleries/Insurity/images/Windows_2019_ISOMAC_V2,Premium_LRS,128,"200,50",PremiumV2_LRS,"3000,3000","750,125",rg-uat-cdc-cac1-network,vnet-uat-web-app-db-cac1-10-101-32-0,snet-uat-cac-db-zone2-10-101-42-0,"CU1WBRGSH2DB02-nic-ipconfig-01,CU1WBRGSH2DB02-nic-ipconfig-02","10.101.42.29,10.101.42.30","TRUE,FALSE","Static,Static",TRUE,Windows_Server,insurity_product,[datetimestamp],motifworks,bridge,pre_prod,cloudops,shared2,,,NA,No,No,Yes,Yes,Yes,No,No,,,,
67,CanadaDC-UAT,RG-CAC1UABRG,CU1WBRGSH2WB01,INSCLD\AD_APPOPS_IDS_PMR,,No,Web,Standard_F8s_v2,1,Canada Central,rg-uat-cdc-cac1-images,/subscriptions/6656c7b8-4f3d-49f0-85c6-9757ecf62926/resourceGroups/rg-uat-cdc-cac1-images/providers/Microsoft.Compute/galleries/Insurity/images/Windows_2019_ISOMAC_V2,StandardSSD_LRS,128,50,PremiumV2_LRS,3000,125,rg-uat-cdc-cac1-network,vnet-uat-web-app-db-cac1-10-101-32-0,snet-uat-cac-app-zone1-10-101-32-0,CU1WBRGSH2WB01-nic-ipconfig-01,NA,TRUE,Dynamic,TRUE,Windows_Server,insurity_product,[datetimestamp],motifworks,bridge,pre_prod,cloudops,shared2,,,NA,Yes,Yes,Yes,Yes,Yes,Yes,Yes,BRIDGE UAT WEBSERVER2,BRIDGEUATWEBSERVER2,3,BRIDGE UAT WEBSERVER2
68,CanadaDC-UAT,RG-CAC1UABRG,CU1WBRGSH3AP01,INSCLD\AD_APPOPS_IDS_PMR,,No,App,Standard_F8s_v2,1,Canada Central,rg-uat-cdc-cac1-images,/subscriptions/6656c7b8-4f3d-49f0-85c6-9757ecf62926/resourceGroups/rg-uat-cdc-cac1-images/providers/Microsoft.Compute/galleries/Insurity/images/Windows_2019_ISOMAC_V2,StandardSSD_LRS,128,50,PremiumV2_LRS,3000,125,rg-uat-cdc-cac1-network,vnet-uat-web-app-db-cac1-10-101-32-0,snet-uat-cac-app-zone1-10-101-32-0,CU1WBRGSH3AP01-nic-ipconfig-01,NA,TRUE,Dynamic,TRUE,Windows_Server,insurity_product,[datetimestamp],motifworks,bridge,pre_prod,cloudops,shared3,,,NA,Yes,Yes,Yes,Yes,Yes,Yes,Yes,BRIDGE UAT APPSERVER3,BRIDGEUATAPPSERVER3,3,BRIDGE UAT APPSERVER3
69,CanadaDC-UAT,RG-CAC1UABRG,CU1WBRGSH3WH01,INSCLD\AD_APPOPS_IDS_PMR,SQL_2019_Enterprise,No,DB,Standard_E4s_v5,1,Canada Central,rg-uat-cdc-cac1-images,/subscriptions/6656c7b8-4f3d-49f0-85c6-9757ecf62926/resourceGroups/rg-uat-cdc-cac1-images/providers/Microsoft.Compute/galleries/Insurity/images/Windows_2019_ISOMAC_V2,Premium_LRS,128,"200,50",PremiumV2_LRS,"3000,3000","750,125",rg-uat-cdc-cac1-network,vnet-uat-web-app-db-cac1-10-101-32-0,snet-uat-cac-db-zone1-10-101-40-0,CU1WBRGSH3WH01-nic-ipconfig-01,NA,TRUE,Dynamic,TRUE,Windows_Server,insurity_product,[datetimestamp],motifworks,bridge--cognos,pre_prod,cloudops,shared3,,,NA,No,No,Yes,Yes,Yes,No,No,,,,
70,CanadaDC-UAT,RG-CAC1UABRG,CU1WBRGSH3WH02,INSCLD\AD_APPOPS_IDS_PMR,SQL_2019_Enterprise,No,DB,Standard_E4s_v5,2,Canada Central,rg-uat-cdc-cac1-images,/subscriptions/6656c7b8-4f3d-49f0-85c6-9757ecf62926/resourceGroups/rg-uat-cdc-cac1-images/providers/Microsoft.Compute/galleries/Insurity/images/Windows_2019_ISOMAC_V2,Premium_LRS,128,"200,50",PremiumV2_LRS,"3000,3000","750,125",rg-uat-cdc-cac1-network,vnet-uat-web-app-db-cac1-10-101-32-0,snet-uat-cac-db-zone2-10-101-42-0,CU1WBRGSH3WH02-nic-ipconfig-01,NA,TRUE,Dynamic,TRUE,Windows_Server,insurity_product,[datetimestamp],motifworks,bridge--cognos,pre_prod,cloudops,shared3,,,NA,No,No,Yes,Yes,Yes,No,No,,,,
71,CanadaDC-UAT,RG-CAC1UABRG,CU1WBRGSH3CW01,INSCLD\AD_APPOPS_IDS_PMR,,No,Cognos,Standard_E4s_v5,1,Canada Central,rg-uat-cdc-cac1-images,/subscriptions/6656c7b8-4f3d-49f0-85c6-9757ecf62926/resourceGroups/rg-uat-cdc-cac1-images/providers/Microsoft.Compute/galleries/Insurity/images/Windows_2019_ISOMAC_V2,StandardSSD_LRS,128,50,PremiumV2_LRS,3000,125,rg-uat-cdc-cac1-network,vnet-uat-web-app-db-cac1-10-101-32-0,snet-uat-cac-app-zone1-10-101-32-0,CU1WBRGSH3CW01-nic-ipconfig-01,NA,TRUE,Dynamic,TRUE,Windows_Server,insurity_product,[datetimestamp],motifworks,bridge--cognos,pre_prod,cloudops,shared3,,,NA,Yes,No,Yes,Yes,Yes,Yes,Yes,BRIDGE UAT COGNOS WEBSERVER3,BRIDGEUATCOGNOSWEBSERVER3,3,BRIDGE UAT COGNOS WEBSERVER3
72,CanadaDC-UAT,RG-CAC1UABRG,CU1WBRGSH3DB01,INSCLD\AD_APPOPS_IDS_PMR,SQL_2019_Enterprise,Yes,DB,Standard_E4s_v5,1,Canada Central,rg-uat-cdc-cac1-images,/subscriptions/6656c7b8-4f3d-49f0-85c6-9757ecf62926/resourceGroups/rg-uat-cdc-cac1-images/providers/Microsoft.Compute/galleries/Insurity/images/Windows_2019_ISOMAC_V2,Premium_LRS,128,"200,50",PremiumV2_LRS,"3000,3000","750,125",rg-uat-cdc-cac1-network,vnet-uat-web-app-db-cac1-10-101-32-0,snet-uat-cac-db-zone1-10-101-40-0,"CU1WBRGSH3DB01-nic-ipconfig-01,CU1WBRGSH3DB01-nic-ipconfig-02","10.101.40.71,10.101.40.72","TRUE,FALSE","Static,Static",TRUE,Windows_Server,insurity_product,[datetimestamp],motifworks,bridge,pre_prod,cloudops,shared3,,,NA,No,No,Yes,Yes,Yes,No,No,,,,
73,CanadaDC-UAT,RG-CAC1UABRG,CU1WBRGSH3DB02,INSCLD\AD_APPOPS_IDS_PMR,SQL_2019_Enterprise,Yes,DB,Standard_E4s_v5,2,Canada Central,rg-uat-cdc-cac1-images,/subscriptions/6656c7b8-4f3d-49f0-85c6-9757ecf62926/resourceGroups/rg-uat-cdc-cac1-images/providers/Microsoft.Compute/galleries/Insurity/images/Windows_2019_ISOMAC_V2,Premium_LRS,128,"200,50",PremiumV2_LRS,"3000,3000","750,125",rg-uat-cdc-cac1-network,vnet-uat-web-app-db-cac1-10-101-32-0,snet-uat-cac-db-zone2-10-101-42-0,"CU1WBRGSH3DB02-nic-ipconfig-01,CU1WBRGSH3DB02-nic-ipconfig-02","10.101.42.31,10.101.42.32","TRUE,FALSE","Static,Static",TRUE,Windows_Server,insurity_product,[datetimestamp],motifworks,bridge,pre_prod,cloudops,shared3,,,NA,No,No,Yes,Yes,Yes,No,No,,,,
74,CanadaDC-UAT,RG-CAC1UABRG,CU1WBRGSH3WB01,INSCLD\AD_APPOPS_IDS_PMR,,No,Web,Standard_F8s_v2,1,Canada Central,rg-uat-cdc-cac1-images,/subscriptions/6656c7b8-4f3d-49f0-85c6-9757ecf62926/resourceGroups/rg-uat-cdc-cac1-images/providers/Microsoft.Compute/galleries/Insurity/images/Windows_2019_ISOMAC_V2,StandardSSD_LRS,128,50,PremiumV2_LRS,3000,125,rg-uat-cdc-cac1-network,vnet-uat-web-app-db-cac1-10-101-32-0,snet-uat-cac-app-zone1-10-101-32-0,CU1WBRGSH3WB01-nic-ipconfig-01,NA,TRUE,Dynamic,TRUE,Windows_Server,insurity_product,[datetimestamp],motifworks,bridge,pre_prod,cloudops,shared3,,,NA,Yes,Yes,Yes,Yes,Yes,Yes,Yes,BRIDGE UAT WEBSERVER3,BRIDGEUATWEBSERVER3,3,BRIDGE UAT WEBSERVER3
75,CanadaDC-UAT,RG-CAC1UABRG,CU1WBRGSH4AP01,INSCLD\AD_APPOPS_IDS_PMR,,No,App,Standard_F8s_v2,1,Canada Central,rg-uat-cdc-cac1-images,/subscriptions/6656c7b8-4f3d-49f0-85c6-9757ecf62926/resourceGroups/rg-uat-cdc-cac1-images/providers/Microsoft.Compute/galleries/Insurity/images/Windows_2019_ISOMAC_V2,StandardSSD_LRS,128,50,PremiumV2_LRS,3000,125,rg-uat-cdc-cac1-network,vnet-uat-web-app-db-cac1-10-101-32-0,snet-uat-cac-app-zone1-10-101-32-0,CU1WBRGSH4AP01-nic-ipconfig-01,NA,TRUE,Dynamic,TRUE,Windows_Server,insurity_product,[datetimestamp],motifworks,bridge,pre_prod,cloudops,shared4,,,NA,Yes,Yes,Yes,Yes,Yes,Yes,Yes,BRIDGE UAT APPSERVER4,BRIDGEUATAPPSERVER4,3,BRIDGE UAT APPSERVER4
76,CanadaDC-UAT,RG-CAC1UABRG,CU1WBRGSH4WH01,INSCLD\AD_APPOPS_IDS_PMR,SQL_2019_Enterprise,No,DB,Standard_E4s_v5,1,Canada Central,rg-uat-cdc-cac1-images,/subscriptions/6656c7b8-4f3d-49f0-85c6-9757ecf62926/resourceGroups/rg-uat-cdc-cac1-images/providers/Microsoft.Compute/galleries/Insurity/images/Windows_2019_ISOMAC_V2,Premium_LRS,128,"200,50",PremiumV2_LRS,"3000,3000","750,125",rg-uat-cdc-cac1-network,vnet-uat-web-app-db-cac1-10-101-32-0,snet-uat-cac-db-zone1-10-101-40-0,CU1WBRGSH4WH01-nic-ipconfig-01,NA,TRUE,Dynamic,TRUE,Windows_Server,insurity_product,[datetimestamp],motifworks,bridge--cognos,pre_prod,cloudops,shared4,,,NA,No,No,Yes,Yes,Yes,No,No,,,,
77,CanadaDC-UAT,RG-CAC1UABRG,CU1WBRGSH4WH02,INSCLD\AD_APPOPS_IDS_PMR,SQL_2019_Enterprise,No,DB,Standard_E4s_v5,2,Canada Central,rg-uat-cdc-cac1-images,/subscriptions/6656c7b8-4f3d-49f0-85c6-9757ecf62926/resourceGroups/rg-uat-cdc-cac1-images/providers/Microsoft.Compute/galleries/Insurity/images/Windows_2019_ISOMAC_V2,Premium_LRS,128,"200,50",PremiumV2_LRS,"3000,3000","750,125",rg-uat-cdc-cac1-network,vnet-uat-web-app-db-cac1-10-101-32-0,snet-uat-cac-db-zone2-10-101-42-0,CU1WBRGSH4WH02-nic-ipconfig-01,NA,TRUE,Dynamic,TRUE,Windows_Server,insurity_product,[datetimestamp],motifworks,bridge--cognos,pre_prod,cloudops,shared4,,,NA,No,No,Yes,Yes,Yes,No,No,,,,
78,CanadaDC-UAT,RG-CAC1UABRG,CU1WBRGSH4CW01,INSCLD\AD_APPOPS_IDS_PMR,,No,Cognos,Standard_E4s_v5,1,Canada Central,rg-uat-cdc-cac1-images,/subscriptions/6656c7b8-4f3d-49f0-85c6-9757ecf62926/resourceGroups/rg-uat-cdc-cac1-images/providers/Microsoft.Compute/galleries/Insurity/images/Windows_2019_ISOMAC_V2,StandardSSD_LRS,128,50,PremiumV2_LRS,3000,125,rg-uat-cdc-cac1-network,vnet-uat-web-app-db-cac1-10-101-32-0,snet-uat-cac-app-zone1-10-101-32-0,CU1WBRGSH4CW01-nic-ipconfig-01,NA,TRUE,Dynamic,TRUE,Windows_Server,insurity_product,[datetimestamp],motifworks,bridge--cognos,pre_prod,cloudops,shared4,,,NA,Yes,No,Yes,Yes,Yes,Yes,Yes,BRIDGE UAT COGNOS WEBSERVER4,BRIDGEUATCOGNOSWEBSERVER4,3,BRIDGE UAT COGNOS WEBSERVER4
79,CanadaDC-UAT,RG-CAC1UABRG,CU1WBRGSH4DB01,INSCLD\AD_APPOPS_IDS_PMR,SQL_2019_Enterprise,Yes,DB,Standard_E4s_v5,1,Canada Central,rg-uat-cdc-cac1-images,/subscriptions/6656c7b8-4f3d-49f0-85c6-9757ecf62926/resourceGroups/rg-uat-cdc-cac1-images/providers/Microsoft.Compute/galleries/Insurity/images/Windows_2019_ISOMAC_V2,Premium_LRS,128,"200,50",PremiumV2_LRS,"3000,3000","750,125",rg-uat-cdc-cac1-network,vnet-uat-web-app-db-cac1-10-101-32-0,snet-uat-cac-db-zone1-10-101-40-0,"CU1WBRGSH4DB01-nic-ipconfig-01,CU1WBRGSH4DB01-nic-ipconfig-02","10.101.40.73,10.101.40.74","TRUE,FALSE","Static,Static",TRUE,Windows_Server,insurity_product,[datetimestamp],motifworks,bridge,pre_prod,cloudops,shared4,,,NA,No,No,Yes,Yes,Yes,No,No,,,,
80,CanadaDC-UAT,RG-CAC1UABRG,CU1WBRGSH4DB02,INSCLD\AD_APPOPS_IDS_PMR,SQL_2019_Enterprise,Yes,DB,Standard_E4s_v5,2,Canada Central,rg-uat-cdc-cac1-images,/subscriptions/6656c7b8-4f3d-49f0-85c6-9757ecf62926/resourceGroups/rg-uat-cdc-cac1-images/providers/Microsoft.Compute/galleries/Insurity/images/Windows_2019_ISOMAC_V2,Premium_LRS,128,"200,50",PremiumV2_LRS,"3000,3000","750,125",rg-uat-cdc-cac1-network,vnet-uat-web-app-db-cac1-10-101-32-0,snet-uat-cac-db-zone2-10-101-42-0,"CU1WBRGSH4DB02-nic-ipconfig-01,CU1WBRGSH4DB02-nic-ipconfig-02","10.101.42.33,10.101.42.34","TRUE,FALSE","Static,Static",TRUE,Windows_Server,insurity_product,[datetimestamp],motifworks,bridge,pre_prod,cloudops,shared4,,,NA,No,No,Yes,Yes,Yes,No,No,,,,
81,CanadaDC-UAT,RG-CAC1UABRG,CU1WBRGSH4WB01,INSCLD\AD_APPOPS_IDS_PMR,,No,Web,Standard_F8s_v2,1,Canada Central,rg-uat-cdc-cac1-images,/subscriptions/6656c7b8-4f3d-49f0-85c6-9757ecf62926/resourceGroups/rg-uat-cdc-cac1-images/providers/Microsoft.Compute/galleries/Insurity/images/Windows_2019_ISOMAC_V2,StandardSSD_LRS,128,50,PremiumV2_LRS,3000,125,rg-uat-cdc-cac1-network,vnet-uat-web-app-db-cac1-10-101-32-0,snet-uat-cac-app-zone1-10-101-32-0,CU1WBRGSH4WB01-nic-ipconfig-01,NA,TRUE,Dynamic,TRUE,Windows_Server,insurity_product,[datetimestamp],motifworks,bridge,pre_prod,cloudops,shared4,,,NA,Yes,Yes,Yes,Yes,Yes,Yes,Yes,BRIDGE UAT WEBSERVER4,BRIDGEUATWEBSERVER4,3,BRIDGE UAT WEBSERVER4
82,CanadaDC-UAT,RG-CAC1UABRG,CU1WBRGSH5AP01,INSCLD\AD_APPOPS_IDS_PMR,,No,App,Standard_F8s_v2,1,Canada Central,rg-uat-cdc-cac1-images,/subscriptions/6656c7b8-4f3d-49f0-85c6-9757ecf62926/resourceGroups/rg-uat-cdc-cac1-images/providers/Microsoft.Compute/galleries/Insurity/images/Windows_2019_ISOMAC_V2,StandardSSD_LRS,128,50,PremiumV2_LRS,3000,125,rg-uat-cdc-cac1-network,vnet-uat-web-app-db-cac1-10-101-32-0,snet-uat-cac-app-zone1-10-101-32-0,CU1WBRGSH5AP01-nic-ipconfig-01,NA,TRUE,Dynamic,TRUE,Windows_Server,insurity_product,[datetimestamp],motifworks,bridge,pre_prod,cloudops,shared5,,,NA,Yes,Yes,Yes,Yes,Yes,Yes,Yes,BRIDGE UAT APPSERVER5,BRIDGEUATAPPSERVER5,3,BRIDGE UAT APPSERVER5
83,CanadaDC-UAT,RG-CAC1UABRG,CU1WBRGSH5WH01,INSCLD\AD_APPOPS_IDS_PMR,SQL_2019_Enterprise,No,DB,Standard_E4s_v5,1,Canada Central,rg-uat-cdc-cac1-images,/subscriptions/6656c7b8-4f3d-49f0-85c6-9757ecf62926/resourceGroups/rg-uat-cdc-cac1-images/providers/Microsoft.Compute/galleries/Insurity/images/Windows_2019_ISOMAC_V2,Premium_LRS,128,"200,50",PremiumV2_LRS,"3000,3000","750,125",rg-uat-cdc-cac1-network,vnet-uat-web-app-db-cac1-10-101-32-0,snet-uat-cac-db-zone1-10-101-40-0,CU1WBRGSH5WH01-nic-ipconfig-01,NA,TRUE,Dynamic,TRUE,Windows_Server,insurity_product,[datetimestamp],motifworks,bridge--cognos,pre_prod,cloudops,shared5,,,NA,No,No,Yes,Yes,Yes,No,No,,,,
84,CanadaDC-UAT,RG-CAC1UABRG,CU1WBRGSH5WH02,INSCLD\AD_APPOPS_IDS_PMR,SQL_2019_Enterprise,No,DB,Standard_E4s_v5,2,Canada Central,rg-uat-cdc-cac1-images,/subscriptions/6656c7b8-4f3d-49f0-85c6-9757ecf62926/resourceGroups/rg-uat-cdc-cac1-images/providers/Microsoft.Compute/galleries/Insurity/images/Windows_2019_ISOMAC_V2,Premium_LRS,128,"200,50",PremiumV2_LRS,"3000,3000","750,125",rg-uat-cdc-cac1-network,vnet-uat-web-app-db-cac1-10-101-32-0,snet-uat-cac-db-zone2-10-101-42-0,CU1WBRGSH5WH02-nic-ipconfig-01,NA,TRUE,Dynamic,TRUE,Windows_Server,insurity_product,[datetimestamp],motifworks,bridge--cognos,pre_prod,cloudops,shared5,,,NA,No,No,Yes,Yes,Yes,No,No,,,,
85,CanadaDC-UAT,RG-CAC1UABRG,CU1WBRGSH5CW01,INSCLD\AD_APPOPS_IDS_PMR,,No,Cognos,Standard_E4s_v5,1,Canada Central,rg-uat-cdc-cac1-images,/subscriptions/6656c7b8-4f3d-49f0-85c6-9757ecf62926/resourceGroups/rg-uat-cdc-cac1-images/providers/Microsoft.Compute/galleries/Insurity/images/Windows_2019_ISOMAC_V2,StandardSSD_LRS,128,50,PremiumV2_LRS,3000,125,rg-uat-cdc-cac1-network,vnet-uat-web-app-db-cac1-10-101-32-0,snet-uat-cac-app-zone1-10-101-32-0,CU1WBRGSH5CW01-nic-ipconfig-01,NA,TRUE,Dynamic,TRUE,Windows_Server,insurity_product,[datetimestamp],motifworks,bridge--cognos,pre_prod,cloudops,shared5,,,NA,Yes,No,Yes,Yes,Yes,Yes,Yes,BRIDGE UAT COGNOS WEBSERVER5,BRIDGEUATCOGNOSWEBSERVER5,3,BRIDGE UAT COGNOS WEBSERVER5
86,CanadaDC-UAT,RG-CAC1UABRG,CU1WBRGSH5DB01,INSCLD\AD_APPOPS_IDS_PMR,SQL_2019_Enterprise,Yes,DB,Standard_E4s_v5,1,Canada Central,rg-uat-cdc-cac1-images,/subscriptions/6656c7b8-4f3d-49f0-85c6-9757ecf62926/resourceGroups/rg-uat-cdc-cac1-images/providers/Microsoft.Compute/galleries/Insurity/images/Windows_2019_ISOMAC_V2,Premium_LRS,128,"200,50",PremiumV2_LRS,"3000,3000","750,125",rg-uat-cdc-cac1-network,vnet-uat-web-app-db-cac1-10-101-32-0,snet-uat-cac-db-zone1-10-101-40-0,"CU1WBRGSH5DB01-nic-ipconfig-01,CU1WBRGSH5DB01-nic-ipconfig-02","10.101.40.75,10.101.40.76","TRUE,FALSE","Static,Static",TRUE,Windows_Server,insurity_product,[datetimestamp],motifworks,bridge,pre_prod,cloudops,shared5,,,NA,No,No,Yes,Yes,Yes,No,No,,,,
87,CanadaDC-UAT,RG-CAC1UABRG,CU1WBRGSH5DB02,INSCLD\AD_APPOPS_IDS_PMR,SQL_2019_Enterprise,Yes,DB,Standard_E4s_v5,2,Canada Central,rg-uat-cdc-cac1-images,/subscriptions/6656c7b8-4f3d-49f0-85c6-9757ecf62926/resourceGroups/rg-uat-cdc-cac1-images/providers/Microsoft.Compute/galleries/Insurity/images/Windows_2019_ISOMAC_V2,Premium_LRS,128,"200,50",PremiumV2_LRS,"3000,3000","750,125",rg-uat-cdc-cac1-network,vnet-uat-web-app-db-cac1-10-101-32-0,snet-uat-cac-db-zone2-10-101-42-0,"CU1WBRGSH5DB02-nic-ipconfig-01,CU1WBRGSH5DB02-nic-ipconfig-02","10.101.42.35,10.101.42.36","TRUE,FALSE","Static,Static",TRUE,Windows_Server,insurity_product,[datetimestamp],motifworks,bridge,pre_prod,cloudops,shared5,,,NA,No,No,Yes,Yes,Yes,No,No,,,,
88,CanadaDC-UAT,RG-CAC1UABRG,CU1WBRGSH5WB01,INSCLD\AD_APPOPS_IDS_PMR,,No,Web,Standard_F8s_v2,1,Canada Central,rg-uat-cdc-cac1-images,/subscriptions/6656c7b8-4f3d-49f0-85c6-9757ecf62926/resourceGroups/rg-uat-cdc-cac1-images/providers/Microsoft.Compute/galleries/Insurity/images/Windows_2019_ISOMAC_V2,StandardSSD_LRS,128,50,PremiumV2_LRS,3000,125,rg-uat-cdc-cac1-network,vnet-uat-web-app-db-cac1-10-101-32-0,snet-uat-cac-app-zone1-10-101-32-0,CU1WBRGSH5WB01-nic-ipconfig-01,NA,TRUE,Dynamic,TRUE,Windows_Server,insurity_product,[datetimestamp],motifworks,bridge,pre_prod,cloudops,shared5,,,NA,Yes,Yes,Yes,Yes,Yes,Yes,Yes,BRIDGE UAT WEBSERVER5,BRIDGEUATWEBSERVER5,3,BRIDGE UAT WEBSERVER5
89,CanadaDC-UAT,RG-CAC1UABRG,CU1WBRGSH6AP01,INSCLD\AD_APPOPS_IDS_PMR,,No,App,Standard_F8s_v2,1,Canada Central,rg-uat-cdc-cac1-images,/subscriptions/6656c7b8-4f3d-49f0-85c6-9757ecf62926/resourceGroups/rg-uat-cdc-cac1-images/providers/Microsoft.Compute/galleries/Insurity/images/Windows_2019_ISOMAC_V2,StandardSSD_LRS,128,50,PremiumV2_LRS,3000,125,rg-uat-cdc-cac1-network,vnet-uat-web-app-db-cac1-10-101-32-0,snet-uat-cac-app-zone1-10-101-32-0,CU1WBRGSH6AP01-nic-ipconfig-01,NA,TRUE,Dynamic,TRUE,Windows_Server,insurity_product,[datetimestamp],motifworks,bridge,pre_prod,cloudops,shared6,,,NA,Yes,Yes,Yes,Yes,Yes,Yes,Yes,BRIDGE UAT APPSERVER6,BRIDGEUATAPPSERVER6,3,BRIDGE UAT APPSERVER6
90,CanadaDC-UAT,RG-CAC1UABRG,CU1WBRGSH6WH01,INSCLD\AD_APPOPS_IDS_PMR,SQL_2019_Enterprise,No,DB,Standard_E4s_v5,1,Canada Central,rg-uat-cdc-cac1-images,/subscriptions/6656c7b8-4f3d-49f0-85c6-9757ecf62926/resourceGroups/rg-uat-cdc-cac1-images/providers/Microsoft.Compute/galleries/Insurity/images/Windows_2019_ISOMAC_V2,Premium_LRS,128,"200,50",PremiumV2_LRS,"3000,3000","750,125",rg-uat-cdc-cac1-network,vnet-uat-web-app-db-cac1-10-101-32-0,snet-uat-cac-db-zone1-10-101-40-0,CU1WBRGSH6WH01-nic-ipconfig-01,NA,TRUE,Dynamic,TRUE,Windows_Server,insurity_product,[datetimestamp],motifworks,bridge--cognos,pre_prod,cloudops,shared6,,,NA,No,No,Yes,Yes,Yes,No,No,,,,
91,CanadaDC-UAT,RG-CAC1UABRG,CU1WBRGSH6WH02,INSCLD\AD_APPOPS_IDS_PMR,SQL_2019_Enterprise,No,DB,Standard_E4s_v5,2,Canada Central,rg-uat-cdc-cac1-images,/subscriptions/6656c7b8-4f3d-49f0-85c6-9757ecf62926/resourceGroups/rg-uat-cdc-cac1-images/providers/Microsoft.Compute/galleries/Insurity/images/Windows_2019_ISOMAC_V2,Premium_LRS,128,"200,50",PremiumV2_LRS,"3000,3000","750,125",rg-uat-cdc-cac1-network,vnet-uat-web-app-db-cac1-10-101-32-0,snet-uat-cac-db-zone2-10-101-42-0,CU1WBRGSH6WH02-nic-ipconfig-01,NA,TRUE,Dynamic,TRUE,Windows_Server,insurity_product,[datetimestamp],motifworks,bridge--cognos,pre_prod,cloudops,shared6,,,NA,No,No,Yes,Yes,Yes,No,No,,,,
92,CanadaDC-UAT,RG-CAC1UABRG,CU1WBRGSH6CW01,INSCLD\AD_APPOPS_IDS_PMR,,No,Cognos,Standard_E4s_v5,1,Canada Central,rg-uat-cdc-cac1-images,/subscriptions/6656c7b8-4f3d-49f0-85c6-9757ecf62926/resourceGroups/rg-uat-cdc-cac1-images/providers/Microsoft.Compute/galleries/Insurity/images/Windows_2019_ISOMAC_V2,StandardSSD_LRS,128,50,PremiumV2_LRS,3000,125,rg-uat-cdc-cac1-network,vnet-uat-web-app-db-cac1-10-101-32-0,snet-uat-cac-app-zone1-10-101-32-0,CU1WBRGSH6CW01-nic-ipconfig-01,NA,TRUE,Dynamic,TRUE,Windows_Server,insurity_product,[datetimestamp],motifworks,bridge--cognos,pre_prod,cloudops,shared6,,,NA,Yes,No,Yes,Yes,Yes,Yes,Yes,BRIDGE UAT COGNOS WEBSERVER6,BRIDGEUATCOGNOSWEBSERVER6,3,BRIDGE UAT COGNOS WEBSERVER6
93,CanadaDC-UAT,RG-CAC1UABRG,CU1WBRGSH6DB01,INSCLD\AD_APPOPS_IDS_PMR,SQL_2019_Enterprise,Yes,DB,Standard_E4s_v5,1,Canada Central,rg-uat-cdc-cac1-images,/subscriptions/6656c7b8-4f3d-49f0-85c6-9757ecf62926/resourceGroups/rg-uat-cdc-cac1-images/providers/Microsoft.Compute/galleries/Insurity/images/Windows_2019_ISOMAC_V2,Premium_LRS,128,"200,50",PremiumV2_LRS,"3000,3000","750,125",rg-uat-cdc-cac1-network,vnet-uat-web-app-db-cac1-10-101-32-0,snet-uat-cac-db-zone1-10-101-40-0,"CU1WBRGSH6DB01-nic-ipconfig-01,CU1WBRGSH6DB01-nic-ipconfig-02","10.101.40.77,10.101.40.78","TRUE,FALSE","Static,Static",TRUE,Windows_Server,insurity_product,[datetimestamp],motifworks,bridge,pre_prod,cloudops,shared6,,,NA,No,No,Yes,Yes,Yes,No,No,,,,
94,CanadaDC-UAT,RG-CAC1UABRG,CU1WBRGSH6DB02,INSCLD\AD_APPOPS_IDS_PMR,SQL_2019_Enterprise,Yes,DB,Standard_E4s_v5,2,Canada Central,rg-uat-cdc-cac1-images,/subscriptions/6656c7b8-4f3d-49f0-85c6-9757ecf62926/resourceGroups/rg-uat-cdc-cac1-images/providers/Microsoft.Compute/galleries/Insurity/images/Windows_2019_ISOMAC_V2,Premium_LRS,128,"200,50",PremiumV2_LRS,"3000,3000","750,125",rg-uat-cdc-cac1-network,vnet-uat-web-app-db-cac1-10-101-32-0,snet-uat-cac-db-zone2-10-101-42-0,"CU1WBRGSH6DB02-nic-ipconfig-01,CU1WBRGSH6DB02-nic-ipconfig-02","10.101.42.37,10.101.42.38","TRUE,FALSE","Static,Static",TRUE,Windows_Server,insurity_product,[datetimestamp],motifworks,bridge,pre_prod,cloudops,shared6,,,NA,No,No,Yes,Yes,Yes,No,No,,,,
95,CanadaDC-UAT,RG-CAC1UABRG,CU1WBRGSH6WB01,INSCLD\AD_APPOPS_IDS_PMR,,No,Web,Standard_F8s_v2,1,Canada Central,rg-uat-cdc-cac1-images,/subscriptions/6656c7b8-4f3d-49f0-85c6-9757ecf62926/resourceGroups/rg-uat-cdc-cac1-images/providers/Microsoft.Compute/galleries/Insurity/images/Windows_2019_ISOMAC_V2,StandardSSD_LRS,128,50,PremiumV2_LRS,3000,125,rg-uat-cdc-cac1-network,vnet-uat-web-app-db-cac1-10-101-32-0,snet-uat-cac-app-zone1-10-101-32-0,CU1WBRGSH6WB01-nic-ipconfig-01,NA,TRUE,Dynamic,TRUE,Windows_Server,insurity_product,[datetimestamp],motifworks,bridge,pre_prod,cloudops,shared6,,,NA,Yes,Yes,Yes,Yes,Yes,Yes,Yes,BRIDGE UAT WEBSERVER6,BRIDGEUATWEBSERVER6,3,BRIDGE UAT WEBSERVER6
96,CanadaDC-UAT,RG-CAC1UABRG,CU1WBRGSH7AP01,INSCLD\AD_APPOPS_IDS_PMR,,No,App,Standard_F8s_v2,1,Canada Central,rg-uat-cdc-cac1-images,/subscriptions/6656c7b8-4f3d-49f0-85c6-9757ecf62926/resourceGroups/rg-uat-cdc-cac1-images/providers/Microsoft.Compute/galleries/Insurity/images/Windows_2019_ISOMAC_V2,StandardSSD_LRS,128,50,PremiumV2_LRS,3000,125,rg-uat-cdc-cac1-network,vnet-uat-web-app-db-cac1-10-101-32-0,snet-uat-cac-app-zone1-10-101-32-0,CU1WBRGSH7AP01-nic-ipconfig-01,NA,TRUE,Dynamic,TRUE,Windows_Server,insurity_product,[datetimestamp],motifworks,bridge,pre_prod,cloudops,shared7,,,NA,Yes,Yes,Yes,Yes,Yes,Yes,Yes,BRIDGE UAT APPSERVER7,BRIDGEUATAPPSERVER7,3,BRIDGE UAT APPSERVER7
97,CanadaDC-UAT,RG-CAC1UABRG,CU1WBRGSH7WH01,INSCLD\AD_APPOPS_IDS_PMR,SQL_2019_Enterprise,No,DB,Standard_E4s_v5,1,Canada Central,rg-uat-cdc-cac1-images,/subscriptions/6656c7b8-4f3d-49f0-85c6-9757ecf62926/resourceGroups/rg-uat-cdc-cac1-images/providers/Microsoft.Compute/galleries/Insurity/images/Windows_2019_ISOMAC_V2,Premium_LRS,128,"200,50",PremiumV2_LRS,"3000,3000","750,125",rg-uat-cdc-cac1-network,vnet-uat-web-app-db-cac1-10-101-32-0,snet-uat-cac-db-zone1-10-101-40-0,CU1WBRGSH7WH01-nic-ipconfig-01,NA,TRUE,Dynamic,TRUE,Windows_Server,insurity_product,[datetimestamp],motifworks,bridge--cognos,pre_prod,cloudops,shared7,,,NA,No,No,Yes,Yes,Yes,No,No,,,,
98,CanadaDC-UAT,RG-CAC1UABRG,CU1WBRGSH7WH02,INSCLD\AD_APPOPS_IDS_PMR,SQL_2019_Enterprise,No,DB,Standard_E4s_v5,2,Canada Central,rg-uat-cdc-cac1-images,/subscriptions/6656c7b8-4f3d-49f0-85c6-9757ecf62926/resourceGroups/rg-uat-cdc-cac1-images/providers/Microsoft.Compute/galleries/Insurity/images/Windows_2019_ISOMAC_V2,Premium_LRS,128,"200,50",PremiumV2_LRS,"3000,3000","750,125",rg-uat-cdc-cac1-network,vnet-uat-web-app-db-cac1-10-101-32-0,snet-uat-cac-db-zone2-10-101-42-0,CU1WBRGSH7WH02-nic-ipconfig-01,NA,TRUE,Dynamic,TRUE,Windows_Server,insurity_product,[datetimestamp],motifworks,bridge--cognos,pre_prod,cloudops,shared7,,,NA,No,No,Yes,Yes,Yes,No,No,,,,
99,CanadaDC-UAT,RG-CAC1UABRG,CU1WBRGSH7CW01,INSCLD\AD_APPOPS_IDS_PMR,,No,Cognos,Standard_E4s_v5,1,Canada Central,rg-uat-cdc-cac1-images,/subscriptions/6656c7b8-4f3d-49f0-85c6-9757ecf62926/resourceGroups/rg-uat-cdc-cac1-images/providers/Microsoft.Compute/galleries/Insurity/images/Windows_2019_ISOMAC_V2,StandardSSD_LRS,128,50,PremiumV2_LRS,3000,125,rg-uat-cdc-cac1-network,vnet-uat-web-app-db-cac1-10-101-32-0,snet-uat-cac-app-zone1-10-101-32-0,CU1WBRGSH7CW01-nic-ipconfig-01,NA,TRUE,Dynamic,TRUE,Windows_Server,insurity_product,[datetimestamp],motifworks,bridge--cognos,pre_prod,cloudops,shared7,,,NA,Yes,No,Yes,Yes,Yes,Yes,Yes,BRIDGE UAT COGNOS WEBSERVER7,BRIDGEUATCOGNOSWEBSERVER7,3,BRIDGE UAT COGNOS WEBSERVER7
100,CanadaDC-UAT,RG-CAC1UABRG,CU1WBRGSH7DB01,INSCLD\AD_APPOPS_IDS_PMR,SQL_2019_Enterprise,Yes,DB,Standard_E4s_v5,1,Canada Central,rg-uat-cdc-cac1-images,/subscriptions/6656c7b8-4f3d-49f0-85c6-9757ecf62926/resourceGroups/rg-uat-cdc-cac1-images/providers/Microsoft.Compute/galleries/Insurity/images/Windows_2019_ISOMAC_V2,Premium_LRS,128,"200,50",PremiumV2_LRS,"3000,3000","750,125",rg-uat-cdc-cac1-network,vnet-uat-web-app-db-cac1-10-101-32-0,snet-uat-cac-db-zone1-10-101-40-0,"CU1WBRGSH7DB01-nic-ipconfig-01,CU1WBRGSH7DB01-nic-ipconfig-02","10.101.40.79,10.101.40.80","TRUE,FALSE","Static,Static",TRUE,Windows_Server,insurity_product,[datetimestamp],motifworks,bridge,pre_prod,cloudops,shared7,,,NA,No,No,Yes,Yes,Yes,No,No,,,,
101,CanadaDC-UAT,RG-CAC1UABRG,CU1WBRGSH7DB02,INSCLD\AD_APPOPS_IDS_PMR,SQL_2019_Enterprise,Yes,DB,Standard_E4s_v5,2,Canada Central,rg-uat-cdc-cac1-images,/subscriptions/6656c7b8-4f3d-49f0-85c6-9757ecf62926/resourceGroups/rg-uat-cdc-cac1-images/providers/Microsoft.Compute/galleries/Insurity/images/Windows_2019_ISOMAC_V2,Premium_LRS,128,"200,50",PremiumV2_LRS,"3000,3000","750,125",rg-uat-cdc-cac1-network,vnet-uat-web-app-db-cac1-10-101-32-0,snet-uat-cac-db-zone2-10-101-42-0,"CU1WBRGSH7DB02-nic-ipconfig-01,CU1WBRGSH7DB02-nic-ipconfig-02","10.101.42.39,10.101.42.40","TRUE,FALSE","Static,Static",TRUE,Windows_Server,insurity_product,[datetimestamp],motifworks,bridge,pre_prod,cloudops,shared7,,,NA,No,No,Yes,Yes,Yes,No,No,,,,
102,CanadaDC-UAT,RG-CAC1UABRG,CU1WBRGSH7WB01,INSCLD\AD_APPOPS_IDS_PMR,,No,Web,Standard_F8s_v2,1,Canada Central,rg-uat-cdc-cac1-images,/subscriptions/6656c7b8-4f3d-49f0-85c6-9757ecf62926/resourceGroups/rg-uat-cdc-cac1-images/providers/Microsoft.Compute/galleries/Insurity/images/Windows_2019_ISOMAC_V2,StandardSSD_LRS,128,50,PremiumV2_LRS,3000,125,rg-uat-cdc-cac1-network,vnet-uat-web-app-db-cac1-10-101-32-0,snet-uat-cac-app-zone1-10-101-32-0,CU1WBRGSH7WB01-nic-ipconfig-01,NA,TRUE,Dynamic,TRUE,Windows_Server,insurity_product,[datetimestamp],motifworks,bridge,pre_prod,cloudops,shared7,,,NA,Yes,Yes,Yes,Yes,Yes,Yes,Yes,BRIDGE UAT WEBSERVER7,BRIDGEUATWEBSERVER7,3,BRIDGE UAT WEBSERVER7
103,CanadaDC-UAT,RG-CAC1UABRG,CU1WBRGSH8AP01,INSCLD\AD_APPOPS_IDS_PMR,,No,App,Standard_F8s_v2,1,Canada Central,rg-uat-cdc-cac1-images,/subscriptions/6656c7b8-4f3d-49f0-85c6-9757ecf62926/resourceGroups/rg-uat-cdc-cac1-images/providers/Microsoft.Compute/galleries/Insurity/images/Windows_2019_ISOMAC_V2,StandardSSD_LRS,128,50,PremiumV2_LRS,3000,125,rg-uat-cdc-cac1-network,vnet-uat-web-app-db-cac1-10-101-32-0,snet-uat-cac-app-zone1-10-101-32-0,CU1WBRGSH8AP01-nic-ipconfig-01,NA,TRUE,Dynamic,TRUE,Windows_Server,insurity_product,[datetimestamp],motifworks,bridge,pre_prod,cloudops,shared8,,,NA,Yes,Yes,Yes,Yes,Yes,Yes,Yes,BRIDGE UAT APPSERVER8,BRIDGEUATAPPSERVER8,3,BRIDGE UAT APPSERVER8
104,CanadaDC-UAT,RG-CAC1UABRG,CU1WBRGSH8WH01,INSCLD\AD_APPOPS_IDS_PMR,SQL_2019_Enterprise,No,DB,Standard_E4s_v5,1,Canada Central,rg-uat-cdc-cac1-images,/subscriptions/6656c7b8-4f3d-49f0-85c6-9757ecf62926/resourceGroups/rg-uat-cdc-cac1-images/providers/Microsoft.Compute/galleries/Insurity/images/Windows_2019_ISOMAC_V2,Premium_LRS,128,"200,50",PremiumV2_LRS,"3000,3000","750,125",rg-uat-cdc-cac1-network,vnet-uat-web-app-db-cac1-10-101-32-0,snet-uat-cac-db-zone1-10-101-40-0,CU1WBRGSH8WH01-nic-ipconfig-01,NA,TRUE,Dynamic,TRUE,Windows_Server,insurity_product,[datetimestamp],motifworks,bridge--cognos,pre_prod,cloudops,shared8,,,NA,No,No,Yes,Yes,Yes,No,No,,,,
105,CanadaDC-UAT,RG-CAC1UABRG,CU1WBRGSH8WH02,INSCLD\AD_APPOPS_IDS_PMR,SQL_2019_Enterprise,No,DB,Standard_E4s_v5,2,Canada Central,rg-uat-cdc-cac1-images,/subscriptions/6656c7b8-4f3d-49f0-85c6-9757ecf62926/resourceGroups/rg-uat-cdc-cac1-images/providers/Microsoft.Compute/galleries/Insurity/images/Windows_2019_ISOMAC_V2,Premium_LRS,128,"200,50",PremiumV2_LRS,"3000,3000","750,125",rg-uat-cdc-cac1-network,vnet-uat-web-app-db-cac1-10-101-32-0,snet-uat-cac-db-zone2-10-101-42-0,CU1WBRGSH8WH02-nic-ipconfig-01,NA,TRUE,Dynamic,TRUE,Windows_Server,insurity_product,[datetimestamp],motifworks,bridge--cognos,pre_prod,cloudops,shared8,,,NA,No,No,Yes,Yes,Yes,No,No,,,,
106,CanadaDC-UAT,RG-CAC1UABRG,CU1WBRGSH8CW01,INSCLD\AD_APPOPS_IDS_PMR,,No,Cognos,Standard_E4s_v5,1,Canada Central,rg-uat-cdc-cac1-images,/subscriptions/6656c7b8-4f3d-49f0-85c6-9757ecf62926/resourceGroups/rg-uat-cdc-cac1-images/providers/Microsoft.Compute/galleries/Insurity/images/Windows_2019_ISOMAC_V2,StandardSSD_LRS,128,50,PremiumV2_LRS,3000,125,rg-uat-cdc-cac1-network,vnet-uat-web-app-db-cac1-10-101-32-0,snet-uat-cac-app-zone1-10-101-32-0,CU1WBRGSH8CW01-nic-ipconfig-01,NA,TRUE,Dynamic,TRUE,Windows_Server,insurity_product,[datetimestamp],motifworks,bridge--cognos,pre_prod,cloudops,shared8,,,NA,Yes,No,Yes,Yes,Yes,Yes,Yes,BRIDGE UAT COGNOS WEBSERVER8,BRIDGEUATCOGNOSWEBSERVER8,3,BRIDGE UAT COGNOS WEBSERVER8
107,CanadaDC-UAT,RG-CAC1UABRG,CU1WBRGSH8DB01,INSCLD\AD_APPOPS_IDS_PMR,SQL_2019_Enterprise,Yes,DB,Standard_E4s_v5,1,Canada Central,rg-uat-cdc-cac1-images,/subscriptions/6656c7b8-4f3d-49f0-85c6-9757ecf62926/resourceGroups/rg-uat-cdc-cac1-images/providers/Microsoft.Compute/galleries/Insurity/images/Windows_2019_ISOMAC_V2,Premium_LRS,128,"200,50",PremiumV2_LRS,"3000,3000","750,125",rg-uat-cdc-cac1-network,vnet-uat-web-app-db-cac1-10-101-32-0,snet-uat-cac-db-zone1-10-101-40-0,"CU1WBRGSH8DB01-nic-ipconfig-01,CU1WBRGSH8DB01-nic-ipconfig-02","10.101.40.81,10.101.40.82","TRUE,FALSE","Static,Static",TRUE,Windows_Server,insurity_product,[datetimestamp],motifworks,bridge,pre_prod,cloudops,shared8,,,NA,No,No,Yes,Yes,Yes,No,No,,,,
108,CanadaDC-UAT,RG-CAC1UABRG,CU1WBRGSH8DB02,INSCLD\AD_APPOPS_IDS_PMR,SQL_2019_Enterprise,Yes,DB,Standard_E4s_v5,2,Canada Central,rg-uat-cdc-cac1-images,/subscriptions/6656c7b8-4f3d-49f0-85c6-9757ecf62926/resourceGroups/rg-uat-cdc-cac1-images/providers/Microsoft.Compute/galleries/Insurity/images/Windows_2019_ISOMAC_V2,Premium_LRS,128,"200,50",PremiumV2_LRS,"3000,3000","750,125",rg-uat-cdc-cac1-network,vnet-uat-web-app-db-cac1-10-101-32-0,snet-uat-cac-db-zone2-10-101-42-0,"CU1WBRGSH8DB02-nic-ipconfig-01,CU1WBRGSH8DB02-nic-ipconfig-02","10.101.42.41,10.101.42.42","TRUE,FALSE","Static,Static",TRUE,Windows_Server,insurity_product,[datetimestamp],motifworks,bridge,pre_prod,cloudops,shared8,,,NA,No,No,Yes,Yes,Yes,No,No,,,,
109,CanadaDC-UAT,RG-CAC1UABRG,CU1WBRGSH8WB01,INSCLD\AD_APPOPS_IDS_PMR,,No,Web,Standard_F8s_v2,1,Canada Central,rg-uat-cdc-cac1-images,/subscriptions/6656c7b8-4f3d-49f0-85c6-9757ecf62926/resourceGroups/rg-uat-cdc-cac1-images/providers/Microsoft.Compute/galleries/Insurity/images/Windows_2019_ISOMAC_V2,StandardSSD_LRS,128,50,PremiumV2_LRS,3000,125,rg-uat-cdc-cac1-network,vnet-uat-web-app-db-cac1-10-101-32-0,snet-uat-cac-app-zone1-10-101-32-0,CU1WBRGSH8WB01-nic-ipconfig-01,NA,TRUE,Dynamic,TRUE,Windows_Server,insurity_product,[datetimestamp],motifworks,bridge,pre_prod,cloudops,shared8,,,NA,Yes,Yes,Yes,Yes,Yes,Yes,Yes,BRIDGE UAT WEBSERVER8,BRIDGEUATWEBSERVER8,3,BRIDGE UAT WEBSERVER8
110,CanadaDC-UAT,RG-CAC1UABRG,CU1WBRGSH9AP01,INSCLD\AD_APPOPS_IDS_PMR,,No,App,Standard_F8s_v2,1,Canada Central,rg-uat-cdc-cac1-images,/subscriptions/6656c7b8-4f3d-49f0-85c6-9757ecf62926/resourceGroups/rg-uat-cdc-cac1-images/providers/Microsoft.Compute/galleries/Insurity/images/Windows_2019_ISOMAC_V2,StandardSSD_LRS,128,50,PremiumV2_LRS,3000,125,rg-uat-cdc-cac1-network,vnet-uat-web-app-db-cac1-10-101-32-0,snet-uat-cac-app-zone1-10-101-32-0,CU1WBRGSH9AP01-nic-ipconfig-01,NA,TRUE,Dynamic,TRUE,Windows_Server,insurity_product,[datetimestamp],motifworks,bridge,pre_prod,cloudops,shared9,,,NA,Yes,Yes,Yes,Yes,Yes,Yes,Yes,BRIDGE UAT APPSERVER9,BRIDGEUATAPPSERVER9,3,BRIDGE UAT APPSERVER9
111,CanadaDC-UAT,RG-CAC1UABRG,CU1WBRGSH9WH01,INSCLD\AD_APPOPS_IDS_PMR,SQL_2019_Enterprise,No,DB,Standard_E4s_v5,1,Canada Central,rg-uat-cdc-cac1-images,/subscriptions/6656c7b8-4f3d-49f0-85c6-9757ecf62926/resourceGroups/rg-uat-cdc-cac1-images/providers/Microsoft.Compute/galleries/Insurity/images/Windows_2019_ISOMAC_V2,Premium_LRS,128,"200,50",PremiumV2_LRS,"3000,3000","750,125",rg-uat-cdc-cac1-network,vnet-uat-web-app-db-cac1-10-101-32-0,snet-uat-cac-db-zone1-10-101-40-0,CU1WBRGSH9WH01-nic-ipconfig-01,NA,TRUE,Dynamic,TRUE,Windows_Server,insurity_product,[datetimestamp],motifworks,bridge--cognos,pre_prod,cloudops,shared9,,,NA,No,No,Yes,Yes,Yes,No,No,,,,
112,CanadaDC-UAT,RG-CAC1UABRG,CU1WBRGSH9WH02,INSCLD\AD_APPOPS_IDS_PMR,SQL_2019_Enterprise,No,DB,Standard_E4s_v5,2,Canada Central,rg-uat-cdc-cac1-images,/subscriptions/6656c7b8-4f3d-49f0-85c6-9757ecf62926/resourceGroups/rg-uat-cdc-cac1-images/providers/Microsoft.Compute/galleries/Insurity/images/Windows_2019_ISOMAC_V2,Premium_LRS,128,"200,50",PremiumV2_LRS,"3000,3000","750,125",rg-uat-cdc-cac1-network,vnet-uat-web-app-db-cac1-10-101-32-0,snet-uat-cac-db-zone2-10-101-42-0,CU1WBRGSH9WH02-nic-ipconfig-01,NA,TRUE,Dynamic,TRUE,Windows_Server,insurity_product,[datetimestamp],motifworks,bridge--cognos,pre_prod,cloudops,shared9,,,NA,No,No,Yes,Yes,Yes,No,No,,,,
113,CanadaDC-UAT,RG-CAC1UABRG,CU1WBRGSH9CW01,INSCLD\AD_APPOPS_IDS_PMR,,No,Cognos,Standard_E4s_v5,1,Canada Central,rg-uat-cdc-cac1-images,/subscriptions/6656c7b8-4f3d-49f0-85c6-9757ecf62926/resourceGroups/rg-uat-cdc-cac1-images/providers/Microsoft.Compute/galleries/Insurity/images/Windows_2019_ISOMAC_V2,StandardSSD_LRS,128,50,PremiumV2_LRS,3000,125,rg-uat-cdc-cac1-network,vnet-uat-web-app-db-cac1-10-101-32-0,snet-uat-cac-app-zone1-10-101-32-0,CU1WBRGSH9CW01-nic-ipconfig-01,NA,TRUE,Dynamic,TRUE,Windows_Server,insurity_product,[datetimestamp],motifworks,bridge--cognos,pre_prod,cloudops,shared9,,,NA,Yes,No,Yes,Yes,Yes,Yes,Yes,BRIDGE UAT COGNOS WEBSERVER9,BRIDGEUATCOGNOSWEBSERVER9,3,BRIDGE UAT COGNOS WEBSERVER9
114,CanadaDC-UAT,RG-CAC1UABRG,CU1WBRGSH9DB01,INSCLD\AD_APPOPS_IDS_PMR,SQL_2019_Enterprise,Yes,DB,Standard_E4s_v5,1,Canada Central,rg-uat-cdc-cac1-images,/subscriptions/6656c7b8-4f3d-49f0-85c6-9757ecf62926/resourceGroups/rg-uat-cdc-cac1-images/providers/Microsoft.Compute/galleries/Insurity/images/Windows_2019_ISOMAC_V2,Premium_LRS,128,"200,50",PremiumV2_LRS,"3000,3000","750,125",rg-uat-cdc-cac1-network,vnet-uat-web-app-db-cac1-10-101-32-0,snet-uat-cac-db-zone1-10-101-40-0,"CU1WBRGSH9DB01-nic-ipconfig-01,CU1WBRGSH9DB01-nic-ipconfig-02","10.101.40.83,10.101.40.84","TRUE,FALSE","Static,Static",TRUE,Windows_Server,insurity_product,[datetimestamp],motifworks,bridge,pre_prod,cloudops,shared9,,,NA,No,No,Yes,Yes,Yes,No,No,,,,
115,CanadaDC-UAT,RG-CAC1UABRG,CU1WBRGSH9DB02,INSCLD\AD_APPOPS_IDS_PMR,SQL_2019_Enterprise,Yes,DB,Standard_E4s_v5,2,Canada Central,rg-uat-cdc-cac1-images,/subscriptions/6656c7b8-4f3d-49f0-85c6-9757ecf62926/resourceGroups/rg-uat-cdc-cac1-images/providers/Microsoft.Compute/galleries/Insurity/images/Windows_2019_ISOMAC_V2,Premium_LRS,128,"200,50",PremiumV2_LRS,"3000,3000","750,125",rg-uat-cdc-cac1-network,vnet-uat-web-app-db-cac1-10-101-32-0,snet-uat-cac-db-zone2-10-101-42-0,"CU1WBRGSH9DB02-nic-ipconfig-01,CU1WBRGSH9DB02-nic-ipconfig-02","10.101.42.43,10.101.42.44","TRUE,FALSE","Static,Static",TRUE,Windows_Server,insurity_product,[datetimestamp],motifworks,bridge,pre_prod,cloudops,shared9,,,NA,No,No,Yes,Yes,Yes,No,No,,,,
116,CanadaDC-UAT,RG-CAC1UABRG,CU1WBRGSH9WB01,INSCLD\AD_APPOPS_IDS_PMR,,No,Web,Standard_F8s_v2,1,Canada Central,rg-uat-cdc-cac1-images,/subscriptions/6656c7b8-4f3d-49f0-85c6-9757ecf62926/resourceGroups/rg-uat-cdc-cac1-images/providers/Microsoft.Compute/galleries/Insurity/images/Windows_2019_ISOMAC_V2,StandardSSD_LRS,128,50,PremiumV2_LRS,3000,125,rg-uat-cdc-cac1-network,vnet-uat-web-app-db-cac1-10-101-32-0,snet-uat-cac-app-zone1-10-101-32-0,CU1WBRGSH9WB01-nic-ipconfig-01,NA,TRUE,Dynamic,TRUE,Windows_Server,insurity_product,[datetimestamp],motifworks,bridge,pre_prod,cloudops,shared9,,,NA,Yes,Yes,Yes,Yes,Yes,Yes,Yes,BRIDGE UAT WEBSERVER9,BRIDGEUATWEBSERVER9,3,BRIDGE UAT WEBSERVER9
